Site ID,Group,Site_Name,Pretty Name,Comment,Deployment Start,Deployment End,Breeding Type,Complex Types,Pulse Name,Outcome,Substrate,Approx Colony Size,Colony Size,mcstart,incstart,Hatch_Date,fledgestart,fledgedisp,abandon,partial abandon,Source Row,Review Status,Review Notes,Incubation_Days,Female_Detection_Recordings,Female_Detection_Rate,Nestling_Days,Nestling_Detection_Recordings,Nestling_Detection_Rate,ARI,ARI_Status,ARI_Diagnostic,ARI_Window_Female_Start,ARI_Window_Female_End,ARI_Window_Nestling_Start,ARI_Window_Nestling_End,ARI_Recording_Start,ARI_Recording_Stop,ARI_Total_Female_Recordings,ARI_Total_Nestling_Recordings,ARI_Raw_Female_Detection_Rows,ARI_Window_Female_Detection_Rows,ARI_Raw_Nestling_Detection_Rows,ARI_Window_Nestling_Detection_Rows,ARI_Female_Detection_Dates_In_Window,ARI_Nestling_Detection_Dates_In_Window,ARI_Earliest_Raw_Female_Date,ARI_Latest_Raw_Female_Date,ARI_Earliest_Window_Female_Date,ARI_Latest_Window_Female_Date,ARI_Earliest_Raw_Nestling_Date,ARI_Latest_Raw_Nestling_Date,ARI_Earliest_Window_Nestling_Date,ARI_Latest_Window_Nestling_Date,Latest_Fledgling_Rec,Fledgling_Days,Fledgling_Detection_Recordings,Fledgling_Detection_Rate,Fledglings_Present,Fledgling_Window_Start,Fledgling_Window_End,Fledgling_Total_Recordings,Fledgling_Raw_Detection_Rows,Fledgling_Window_Detection_Rows,Fledgling_Detection_Dates_In_Window,ARI_Class,ARI_Class_Threshold,ARI_Female_Denominator_Confidence
2059,Solano County,2017 Rush Ranch,2017 Rush Ranch,,3/2/2017,7/24/2017,Sequential,,2017 Rush Ranch p1,Abandoned,"Bulrush, cattails",800,800,~3/7/2017,~4/17/2017,4/29/2017,ND,ND,5/3/2017,ND,4,OK,,7,7,0.026,7,0,0.0,0.0,OK,ARI=0.0 from nestling_rate=0.0 / female_rate=0.026,04/20/2017,04/26/2017,05/04/2017,05/10/2017,03/02/2017,07/24/2017,273,273,577,7,280,0,"04/21/2017, 04/22/2017",,04/04/2017,07/01/2017,04/21/2017,04/22/2017,05/31/2017,07/06/2017,ND,ND,ND,8,0,0.0,No,05/08/2017,05/15/2017,312,183,0,,No detected offspring acoustic evidence,0.5,Moderate female denominator
2059,Solano County,2017 Rush Ranch,2017 Rush Ranch,,3/2/2017,7/24/2017,Sequential,,2017 Rush Ranch p2,Successful,"Bulrush, cattails",800,800,5/8/2017,5/18/2017,5/30/2017,6/12/2017,6/22/2017,ND,ND,4,OK,,7,150,0.549,7,129,0.551,1.004,OK,ARI=1.004 from nestling_rate=0.551 / female_rate=0.549,05/21/2017,05/27/2017,06/04/2017,06/10/2017,03/02/2017,07/24/2017,273,234,577,150,280,129,"05/22/2017, 05/23/2017, 05/24/2017, 05/25/2017, 05/26/2017, 05/27/2017","06/05/2017, 06/06/2017, 06/07/2017, 06/08/2017, 06/09/2017, 06/10/2017",04/04/2017,07/01/2017,05/22/2017,05/27/2017,05/31/2017,07/06/2017,06/05/2017,06/10/2017,06/15/2017,8,33,0.106,Yes,06/08/2017,06/15/2017,312,183,33,"06/10/2017, 06/12/2017, 06/13/2017, 06/14/2017, 06/15/2017",High offspring acoustic activity,0.5,Stable female denominator
2059,Solano County,2017 Rush Ranch,2017 Rush Ranch,,3/2/2017,7/24/2017,Sequential,,2017 Rush Ranch p3,Successful,"Bulrush, cattails",800,800,6/2/2017,6/17/2017,6/29/2017,ND,ND,ND,ND,4,OK,,7,90,0.33,7,15,0.109,0.33,OK,ARI=0.33 from nestling_rate=0.109 / female_rate=0.33,06/20/2017,06/26/2017,07/04/2017,07/10/2017,03/02/2017,07/24/2017,273,138,577,90,280,15,"06/20/2017, 06/21/2017, 06/22/2017, 06/23/2017, 06/24/2017, 06/25/2017, 06/26/2017","07/04/2017, 07/05/2017, 07/06/2017",04/04/2017,07/01/2017,06/20/2017,06/26/2017,05/31/2017,07/06/2017,07/04/2017,07/06/2017,07/13/2017,8,2,0.009,Yes,07/08/2017,07/15/2017,234,183,2,"07/12/2017, 07/13/2017",Reduced offspring acoustic activity,0.5,Stable female denominator
2719,Solano County,2018 Rush Ranch,2018 Rush Ranch,,2/9/2018,6/26/2018,Simple,,2018 Rush Ranch p1,Successful,"Bulrush, cattails",2000,2000,missed,5/14/2018,5/26/2018,6/11/2018,6/23/2018,ND,ND,9,OK,,7,39,0.071,7,18,0.066,0.93,OK,ARI=0.93 from nestling_rate=0.066 / female_rate=0.071,05/17/2018,05/23/2018,05/31/2018,06/06/2018,02/09/2018,06/26/2018,546,272,73,39,129,18,"05/17/2018, 05/18/2018, 05/20/2018","05/31/2018, 06/01/2018, 06/02/2018, 06/03/2018",03/24/2018,06/02/2018,05/17/2018,05/20/2018,05/25/2018,06/22/2018,05/31/2018,06/03/2018,06/11/2018,8,4,0.013,Yes,06/04/2018,06/11/2018,311,115,4,06/11/2018,High offspring acoustic activity,0.5,Stable female denominator
5643,Sacramento National Wildlife Refuge Complex,2019 Colusa NWR 27-2,2019 Colusa NWR T27-2S,,5/21/2019,6/18/2019,Simple,,2019 Colusa NWR T27-2S p1,Partially Abandoned,"Bulrush, cattails",200,200,inf,5/17/2019,5/29/2019,~6/14/2019,~6/15/2019,ND,5/26/2019,16,OK,,6,25,0.121,7,2,0.008,0.066,OK,ARI=0.066 from nestling_rate=0.008 / female_rate=0.121,05/21/2019,05/26/2019,06/03/2019,06/09/2019,05/21/2019,06/18/2019,206,248,27,25,5,2,"05/21/2019, 05/22/2019, 05/23/2019, 05/24/2019, 05/25/2019, 05/26/2019",06/03/2019,05/21/2019,05/28/2019,05/21/2019,05/26/2019,05/29/2019,06/03/2019,06/03/2019,06/03/2019,06/14/2019,8,1,0.003,Yes,06/07/2019,06/14/2019,291,1,1,06/14/2019,Reduced offspring acoustic activity,0.5,Stable female denominator
4455,Solano County,2019 Creed Road,2019 Denverton Creek,,3/17/2019,7/7/2019,Sequential,,2019 Denverton Creek p1,Successful,Himalayan blackberry,1000,1000,3/23/2019,4/28/2019,5/10/2019,5/23/2019,6/1/2019,ND,ND,17,OK,,7,57,0.199,7,38,0.132,0.663,OK,ARI=0.663 from nestling_rate=0.132 / female_rate=0.199,05/01/2019,05/07/2019,05/15/2019,05/21/2019,03/17/2019,07/07/2019,287,287,287,57,60,38,"05/01/2019, 05/02/2019, 05/03/2019, 05/04/2019, 05/06/2019, 05/07/2019","05/17/2019, 05/18/2019, 05/19/2019, 05/20/2019, 05/21/2019",04/16/2019,05/29/2019,05/01/2019,05/07/2019,05/10/2019,05/27/2019,05/17/2019,05/21/2019,05/26/2019,8,69,0.21,Yes,05/19/2019,05/26/2019,328,129,69,"05/23/2019, 05/24/2019, 05/25/2019, 05/26/2019",High offspring acoustic activity,0.5,Stable female denominator
4455,Solano County,2019 Creed Road,2019 Denverton Creek,,3/17/2019,7/7/2019,Sequential,,2019 Denverton Creek p2,Abandoned,Himalayan blackberry,1000,1000,5/13/2019,5/23/2019,6/4/2019,ND,ND,5/31/2019,ND,17,OK,,7,5,0.018,7,0,0.0,0.0,OK,ARI=0.0 from nestling_rate=0.0 / female_rate=0.018,05/26/2019,06/01/2019,06/09/2019,06/15/2019,03/17/2019,07/07/2019,285,287,287,5,60,0,"05/26/2019, 05/27/2019, 05/29/2019",,04/16/2019,05/29/2019,05/26/2019,05/29/2019,05/10/2019,05/27/2019,ND,ND,ND,8,0,0.0,No,06/13/2019,06/20/2019,328,129,0,,No detected offspring acoustic evidence,0.5,Low female denominator
4456,Solano County,2019 Hay Landfill,2019 Hay Landfill,,4/8/2019,7/7/2019,Sequential,,2019 Hay Landfill p1,Successful,"Bulrush, cattails",4000,4000,inf,4/15/2019,4/27/2019,5/11/2019,5/30/2019,ND,ND,18,OK,,7,90,0.314,7,60,0.209,0.666,OK,ARI=0.666 from nestling_rate=0.209 / female_rate=0.314,04/18/2019,04/24/2019,05/02/2019,05/08/2019,04/08/2019,07/07/2019,287,287,227,90,113,60,"04/18/2019, 04/19/2019, 04/20/2019, 04/21/2019, 04/22/2019, 04/23/2019, 04/24/2019","05/02/2019, 05/03/2019, 05/04/2019, 05/05/2019, 05/06/2019, 05/07/2019, 05/08/2019",04/12/2019,06/12/2019,04/18/2019,04/24/2019,05/01/2019,06/29/2019,05/02/2019,05/08/2019,05/13/2019,8,9,0.027,Yes,05/06/2019,05/13/2019,328,300,9,"05/08/2019, 05/11/2019, 05/12/2019, 05/13/2019",High offspring acoustic activity,0.5,Stable female denominator
4456,Solano County,2019 Hay Landfill,2019 Hay Landfill,,4/8/2019,7/7/2019,Sequential,,2019 Hay Landfill p2,Partially Abandoned,"Bulrush, cattails",4000,4000,5/20/2019,5/28/2019,6/9/2019,6/23/2019,7/3/2019,ND,6/13/2019,18,OK,,7,44,0.153,7,1,0.003,0.02,OK,ARI=0.02 from nestling_rate=0.003 / female_rate=0.153,05/31/2019,06/06/2019,06/14/2019,06/20/2019,04/08/2019,07/07/2019,287,287,227,44,113,1,"05/31/2019, 06/01/2019, 06/02/2019, 06/03/2019, 06/04/2019, 06/05/2019, 06/06/2019",06/18/2019,04/12/2019,06/12/2019,05/31/2019,06/06/2019,05/01/2019,06/29/2019,06/18/2019,06/18/2019,06/25/2019,8,9,0.027,Yes,06/18/2019,06/25/2019,328,300,9,"06/22/2019, 06/23/2019, 06/24/2019, 06/25/2019",Reduced offspring acoustic activity,0.5,Stable female denominator
5637,Markham Ravine,2019 Markham Ravine,2019 Markham Ravine,,5/10/2019,7/8/2019,Simple,,2019 Markham Ravine p1,Partially Abandoned,"Himalayan blackberry, willow",1500,1500,inf,5/16/2019,5/28/2019,6/16/2019,6/20/2019,ND,5/28/2019,24,OK,,7,157,0.575,7,50,0.183,0.318,OK,ARI=0.318 from nestling_rate=0.183 / female_rate=0.575,05/19/2019,05/25/2019,06/02/2019,06/08/2019,05/10/2019,07/08/2019,273,273,438,157,133,50,"05/19/2019, 05/20/2019, 05/21/2019, 05/22/2019, 05/23/2019, 05/24/2019, 05/25/2019","06/02/2019, 06/03/2019, 06/04/2019, 06/05/2019, 06/06/2019, 06/07/2019, 06/08/2019",05/11/2019,06/03/2019,05/19/2019,05/25/2019,05/29/2019,06/16/2019,06/02/2019,06/08/2019,06/12/2019,8,1,0.003,Yes,06/06/2019,06/13/2019,312,50,1,06/12/2019,Reduced offspring acoustic activity,0.5,Stable female denominator
5640,Markham Ravine,2019 Markham Ravine 2,2019 Markham Ravine 2,,5/10/2019,7/8/2019,Simple,,2019 Markham Ravine 2 p1,Partially Abandoned,"Himalayan blackberry, willow",10000,10000,inf,5/19/2019,5/31/2019,~6/9/2019,~6/21/2019,ND,5/24/2019,26,OK,,7,110,0.403,7,18,0.066,0.164,OK,ARI=0.164 from nestling_rate=0.066 / female_rate=0.403,05/22/2019,05/28/2019,06/05/2019,06/11/2019,05/10/2019,07/08/2019,273,273,304,110,45,18,"05/22/2019, 05/23/2019, 05/24/2019, 05/25/2019, 05/26/2019, 05/27/2019, 05/28/2019","06/05/2019, 06/06/2019, 06/07/2019, 06/09/2019, 06/10/2019",05/16/2019,06/09/2019,05/22/2019,05/28/2019,05/31/2019,06/10/2019,06/05/2019,06/10/2019,06/11/2019,8,2,0.006,Yes,06/09/2019,06/16/2019,312,12,2,06/11/2019,Reduced offspring acoustic activity,0.5,Stable female denominator
57589,Monterey,2020 Fort Ord,2020 Fort Ord,,4/8/2020,7/15/2020,Simple,,2020 Fort Ord p1,Successful,"Stinging nettle (Urtica spp.), Poison hemlock (Conium maculatum)",No Colony,No Colony,inf,4/12/2020,4/24/2020,5/9/2020,5/28/2020,ND,ND,36,OK,,7,19,0.073,7,78,0.301,4.123,OK,ARI=4.123 from nestling_rate=0.301 / female_rate=0.073,04/15/2020,04/21/2020,04/29/2020,05/05/2020,03/23/2020,07/15/2020,259,259,57,19,170,78,"04/16/2020, 04/17/2020, 04/18/2020, 04/19/2020, 04/20/2020, 04/21/2020","04/29/2020, 04/30/2020, 05/01/2020, 05/02/2020, 05/03/2020, 05/04/2020, 05/05/2020",04/09/2020,05/03/2020,04/16/2020,04/21/2020,04/28/2020,05/15/2020,04/29/2020,05/05/2020,05/10/2020,8,12,0.041,Yes,05/03/2020,05/10/2020,296,107,12,"05/09/2020, 05/10/2020",High offspring acoustic activity,0.5,Moderate female denominator
6404,Markham Ravine,2020 Markham Ravine,2020 Markham Ravine,,4/28/2020,6/24/2020,Simple,,2020 Markham Ravine p1,Partially Abandoned,"Himalayan blackberry, willow",1000,1000,inf,5/7/2020,5/19/2020,~5/30/2020,6/8/2020,ND,5/18/2020,40,OK,,7,198,0.764,7,42,0.162,0.212,OK,ARI=0.212 from nestling_rate=0.162 / female_rate=0.764,05/10/2020,05/16/2020,05/24/2020,05/30/2020,04/28/2020,06/24/2020,259,259,462,198,50,42,"05/10/2020, 05/11/2020, 05/12/2020, 05/13/2020, 05/14/2020, 05/15/2020, 05/16/2020","05/24/2020, 05/25/2020, 05/26/2020, 05/27/2020, 05/28/2020, 05/29/2020",05/05/2020,06/15/2020,05/10/2020,05/16/2020,05/20/2020,05/31/2020,05/24/2020,05/29/2020,06/04/2020,8,8,0.028,Yes,05/28/2020,06/04/2020,283,18,8,"05/30/2020, 05/31/2020, 06/02/2020, 06/03/2020, 06/04/2020",Reduced offspring acoustic activity,0.5,Stable female denominator
18572,Monterey,2020 Ohlone - Santa Lucia Preserve,2020 Santa Lucia Preserve - Ohlone Pond,,3/25/2020,7/18/2020,Simple,,2020 Santa Lucia Preserve - Ohlone Pond p1,Successful,Bulrush (Schoenoplectus spp.),80,80,missed,~4/20/2020,5/2/2020,5/12/2020,6/15/2020,ND,ND,42,OK,,7,38,0.342,7,46,0.411,1.202,OK,ARI=1.202 from nestling_rate=0.411 / female_rate=0.342,04/23/2020,04/29/2020,05/07/2020,05/13/2020,03/25/2020,07/18/2020,111,112,135,38,205,46,"04/23/2020, 04/24/2020, 04/25/2020, 04/26/2020, 04/27/2020, 04/28/2020, 04/29/2020","05/07/2020, 05/08/2020, 05/09/2020, 05/10/2020, 05/11/2020, 05/12/2020, 05/13/2020",04/02/2020,05/20/2020,04/23/2020,04/29/2020,05/05/2020,06/21/2020,05/07/2020,05/13/2020,05/18/2020,8,39,0.305,Yes,05/11/2020,05/18/2020,128,153,39,"05/11/2020, 05/12/2020, 05/13/2020, 05/14/2020, 05/15/2020, 05/16/2020, 05/17/2020, 05/18/2020",High offspring acoustic activity,0.5,Stable female denominator
24130,Sacramento National Wildlife Refuge Complex,2021 Colusa NWR 27-1,2021 Colusa NWR T27-1&2,,4/21/2021,6/26/2021,Simple,,2021 Colusa NWR T27-1&2 p1,Successful,"Bulrush, cattails",Unknown,Unknown,5/11/2021,~5/21/2021,6/2/2021,~6/13/2021,~6/17/2021,ND,ND,43,OK,,7,11,0.02,7,23,0.043,2.15,OK,ARI=2.15 from nestling_rate=0.043 / female_rate=0.02,05/24/2021,05/30/2021,06/07/2021,06/13/2021,04/09/2021,06/26/2021,546,534,29,11,28,23,"05/24/2021, 05/25/2021, 05/26/2021, 05/27/2021, 05/28/2021","06/07/2021, 06/08/2021, 06/09/2021, 06/10/2021, 06/12/2021, 06/13/2021",05/18/2021,06/02/2021,05/24/2021,05/28/2021,06/04/2021,06/13/2021,06/07/2021,06/13/2021,06/16/2021,8,6,0.01,Yes,06/11/2021,06/18/2021,580,8,6,"06/14/2021, 06/15/2021, 06/16/2021",High offspring acoustic activity,0.5,Moderate female denominator
21652,Central Sacramento Valley,2021 Conaway East,2021 Conaway East,,5/20/2021,7/5/2021,Simple,,2021 Conaway East p1,Successful,Cattails with bulrush,10000,10000,inf,5/30/2021,6/11/2021,6/20/2021,ND,ND,ND,45,OK,,7,1,0.004,7,7,0.026,6.5,OK,ARI=6.5 from nestling_rate=0.026 / female_rate=0.004,06/02/2021,06/08/2021,06/16/2021,06/22/2021,03/30/2021,07/05/2021,273,273,3,1,16,7,06/06/2021,"06/19/2021, 06/20/2021, 06/21/2021, 06/22/2021",05/29/2021,06/06/2021,06/06/2021,06/06/2021,06/19/2021,06/27/2021,06/19/2021,06/22/2021,06/27/2021,8,125,0.401,Yes,06/20/2021,06/27/2021,312,293,125,"06/20/2021, 06/21/2021, 06/22/2021, 06/23/2021, 06/24/2021, 06/25/2021, 06/26/2021, 06/27/2021",High offspring acoustic activity,0.5,Low female denominator
24652,Central Sacramento Valley,2021 Conaway South,2021 Conaway South,,5/20/2021,7/5/2021,Simple,,2021 Conaway South p1,Successful,Cattails with bulrush,10000,10000,inf,5/29/2021,6/10/2021,6/23/2021,7/1/2021,ND,ND,46,OK,,7,85,0.311,7,112,0.41,1.318,OK,ARI=1.318 from nestling_rate=0.41 / female_rate=0.311,06/01/2021,06/07/2021,06/15/2021,06/21/2021,03/30/2021,07/05/2021,273,273,196,85,297,112,"06/01/2021, 06/02/2021, 06/03/2021, 06/04/2021, 06/05/2021, 06/06/2021, 06/07/2021","06/15/2021, 06/16/2021, 06/17/2021, 06/18/2021, 06/19/2021, 06/20/2021, 06/21/2021",05/27/2021,06/12/2021,06/01/2021,06/07/2021,06/12/2021,06/29/2021,06/15/2021,06/21/2021,06/26/2021,8,93,0.298,Yes,06/19/2021,06/26/2021,312,222,93,"06/22/2021, 06/23/2021, 06/24/2021, 06/25/2021, 06/26/2021",High offspring acoustic activity,0.5,Stable female denominator
21591,Central Sacramento Valley,2021 Conaway West,2021 Conaway West,,5/12/2021,6/28/2021,Simple,,2021 Conaway West p1,Successful,Cattails with bulrush,10000,10000,inf,5/21/2021,6/2/2021,6/13/2021,ND,ND,ND,47,OK,,7,1,0.004,7,8,0.029,7.25,OK,ARI=7.25 from nestling_rate=0.029 / female_rate=0.004,05/24/2021,05/30/2021,06/07/2021,06/13/2021,03/30/2021,06/28/2021,273,273,8,1,11,8,05/30/2021,"06/07/2021, 06/08/2021, 06/10/2021, 06/11/2021, 06/12/2021",05/30/2021,06/02/2021,05/30/2021,05/30/2021,06/07/2021,06/16/2021,06/07/2021,06/12/2021,06/18/2021,8,13,0.042,Yes,06/11/2021,06/18/2021,312,42,13,"06/13/2021, 06/15/2021, 06/16/2021, 06/17/2021, 06/18/2021",High offspring acoustic activity,0.5,Low female denominator
21668,Central Sacramento Valley,2021 Foley Ranch,2021 Virginia at Ostrom,,5/4/2021,6/14/2021,Sequential,,2021 Virginia at Ostrom p1,Successful,Himalayan blackberry,10000,10000,inf,4/30/2021,5/12/2021,5/24/2021,ND,ND,ND,52,OK,,7,122,0.562,7,191,0.7,1.246,OK,ARI=1.246 from nestling_rate=0.7 / female_rate=0.562,05/03/2021,05/09/2021,05/17/2021,05/23/2021,03/30/2021,06/14/2021,217,273,345,122,353,191,"05/04/2021, 05/05/2021, 05/06/2021, 05/07/2021, 05/08/2021, 05/09/2021","05/17/2021, 05/18/2021, 05/19/2021, 05/20/2021, 05/21/2021, 05/22/2021, 05/23/2021",05/04/2021,06/14/2021,05/04/2021,05/09/2021,05/13/2021,06/01/2021,05/17/2021,05/23/2021,05/28/2021,8,41,0.131,Yes,05/21/2021,05/28/2021,312,352,41,"05/22/2021, 05/24/2021, 05/25/2021, 05/26/2021, 05/27/2021, 05/28/2021",High offspring acoustic activity,0.5,Stable female denominator
21688,Central Sacramento Valley,2021 Hale Road 2,2021 Hale Road 2,,5/4/2021,6/14/2021,Simple,,2021 Hale Road 2 p1,Successful,"Himalayan blackberry, bulrush",7000,7000,inf,5/2/2021,5/14/2021,5/28/2021,6/4/2021,ND,ND,53,OK,,7,196,0.718,7,206,0.755,1.052,OK,ARI=1.052 from nestling_rate=0.755 / female_rate=0.718,05/05/2021,05/11/2021,05/19/2021,05/25/2021,03/30/2021,06/14/2021,273,273,455,196,536,206,"05/05/2021, 05/06/2021, 05/07/2021, 05/08/2021, 05/09/2021, 05/10/2021, 05/11/2021","05/19/2021, 05/20/2021, 05/21/2021, 05/22/2021, 05/23/2021, 05/24/2021, 05/25/2021",05/04/2021,05/26/2021,05/05/2021,05/11/2021,05/16/2021,06/05/2021,05/19/2021,05/25/2021,05/30/2021,8,38,0.122,Yes,05/23/2021,05/30/2021,312,170,38,"05/28/2021, 05/29/2021, 05/30/2021",High offspring acoustic activity,0.5,Stable female denominator
24655,Southern Sierra Research Station,2021 Kern 4,2021 Kern 4,,4/19/2021,8/10/2021,Simple,,2021 Kern 4 p1,Partially Abandoned,Stinging nettle,NEED,NEED,missed,~5/1/2021,5/13/2021,~5/27/2021,~6/12/2021,ND,5/7/2021,59,OK,,7,36,0.132,7,3,0.011,0.083,OK,ARI=0.083 from nestling_rate=0.011 / female_rate=0.132,05/04/2021,05/10/2021,05/18/2021,05/24/2021,03/23/2021,08/10/2021,273,273,46,36,14,3,"05/04/2021, 05/05/2021, 05/06/2021, 05/07/2021, 05/08/2021, 05/10/2021","05/23/2021, 05/24/2021",04/23/2021,05/12/2021,05/04/2021,05/10/2021,05/23/2021,06/01/2021,05/23/2021,05/24/2021,ND,8,0,0.0,No,05/22/2021,05/29/2021,312,14,0,,Reduced offspring acoustic activity,0.5,Stable female denominator
24252,Placer County,2021 Orchard Creek,2021 Orchard Creek,,4/19/2021,7/4/2021,Additions,,2021 Orchard Creek p1,Successful,Himalayan blackberry,2500,2500,inf,4/19/2021,5/1/2021,5/15/2021,~5/31/2021,ND,ND,64,OK,,7,101,0.37,7,50,0.183,0.495,OK,ARI=0.495 from nestling_rate=0.183 / female_rate=0.37,04/22/2021,04/28/2021,05/06/2021,05/12/2021,03/30/2021,07/04/2021,273,273,415,101,579,50,"04/22/2021, 04/23/2021, 04/24/2021, 04/25/2021, 04/26/2021, 04/27/2021, 04/28/2021","05/06/2021, 05/07/2021, 05/08/2021, 05/09/2021, 05/10/2021, 05/11/2021, 05/12/2021",04/19/2021,05/31/2021,04/22/2021,04/28/2021,05/03/2021,06/16/2021,05/06/2021,05/12/2021,05/17/2021,8,37,0.119,Yes,05/10/2021,05/17/2021,312,440,37,"05/14/2021, 05/15/2021, 05/16/2021, 05/17/2021",Reduced offspring acoustic activity,0.5,Stable female denominator
24252,Placer County,2021 Orchard Creek,2021 Orchard Creek,,4/19/2021,7/4/2021,Additions,,2021 Orchard Creek p2,Successful,Himalayan blackberry,2500,2500,inf,5/13/2021,5/25/2021,~6/3/2021,6/17/2021,ND,ND,64,OK,,7,110,0.403,7,211,0.773,1.918,OK,ARI=1.918 from nestling_rate=0.773 / female_rate=0.403,05/16/2021,05/22/2021,05/30/2021,06/05/2021,03/30/2021,07/04/2021,273,273,415,110,579,211,"05/16/2021, 05/17/2021, 05/18/2021, 05/19/2021, 05/20/2021, 05/21/2021, 05/22/2021","05/30/2021, 05/31/2021, 06/01/2021, 06/02/2021, 06/03/2021, 06/04/2021, 06/05/2021",04/19/2021,05/31/2021,05/16/2021,05/22/2021,05/03/2021,06/16/2021,05/30/2021,06/05/2021,06/10/2021,8,115,0.369,Yes,06/03/2021,06/10/2021,312,440,115,"06/03/2021, 06/04/2021, 06/05/2021, 06/06/2021, 06/07/2021, 06/08/2021, 06/09/2021, 06/10/2021",High offspring acoustic activity,0.5,Stable female denominator
24233,CNLM,2021 Panoche Creek Preserve 1W,2021 Panoche Creek Marsh East 1,,4/1/2021,7/14/2021,Simple,,2021 Panoche Creek Marsh East 1 p1,Partially Abandoned,Cattails,3500,3500,4/5/2021,4/22/2021,5/4/2021,~5/23/2021,~5/25/2021,ND,4/30/2021,65,OK,,7,86,0.315,7,0,0.0,0.0,OK,ARI=0.0 from nestling_rate=0.0 / female_rate=0.315,04/25/2021,05/01/2021,05/09/2021,05/15/2021,04/01/2021,07/14/2021,273,273,154,86,7,0,"04/25/2021, 04/26/2021, 04/27/2021, 04/28/2021, 04/29/2021, 04/30/2021, 05/01/2021",,04/17/2021,05/07/2021,04/25/2021,05/01/2021,05/04/2021,05/24/2021,ND,ND,ND,8,0,0.0,No,05/13/2021,05/20/2021,312,4,0,,No detected offspring acoustic evidence,0.5,Stable female denominator
24232,CNLM,2021 Panoche Creek Preserve 2E,2021 Panoche Creek Marsh East 2,,4/1/2021,7/14/2021,Simple,,2021 Panoche Creek Marsh East 2 p1,Successful,Cattails,3500,3500,inf,4/20/2021,5/2/2021,5/18/2021,5/22/2021,ND,ND,66,OK,,7,123,0.451,7,41,0.15,0.333,OK,ARI=0.333 from nestling_rate=0.15 / female_rate=0.451,04/23/2021,04/29/2021,05/07/2021,05/13/2021,04/01/2021,07/14/2021,273,273,306,123,112,41,"04/23/2021, 04/24/2021, 04/25/2021, 04/26/2021, 04/27/2021, 04/28/2021, 04/29/2021","05/07/2021, 05/08/2021, 05/10/2021, 05/11/2021, 05/12/2021",04/09/2021,05/12/2021,04/23/2021,04/29/2021,05/04/2021,05/19/2021,05/07/2021,05/12/2021,05/18/2021,8,14,0.045,Yes,05/11/2021,05/18/2021,312,31,14,"05/17/2021, 05/18/2021",Reduced offspring acoustic activity,0.5,Stable female denominator
24231,Placer County,2021 Rodeo Grounds 1,2021 Rodeo Grounds,,4/19/2021,6/13/2021,Simple,,2021 Rodeo Grounds p1,Successful,Himalayan blackberry,40,40,inf,4/20/2021,5/2/2021,5/11/2021,5/24/2021,ND,ND,69,OK,,7,210,0.769,7,197,0.722,0.939,OK,ARI=0.939 from nestling_rate=0.722 / female_rate=0.769,04/23/2021,04/29/2021,05/07/2021,05/13/2021,03/30/2021,06/13/2021,273,273,455,210,382,197,"04/23/2021, 04/24/2021, 04/25/2021, 04/26/2021, 04/27/2021, 04/28/2021, 04/29/2021","05/07/2021, 05/08/2021, 05/09/2021, 05/10/2021, 05/11/2021, 05/12/2021, 05/13/2021",04/19/2021,05/22/2021,04/23/2021,04/29/2021,05/04/2021,05/22/2021,05/07/2021,05/13/2021,05/18/2021,8,147,0.471,Yes,05/11/2021,05/18/2021,312,208,147,"05/11/2021, 05/12/2021, 05/13/2021, 05/14/2021, 05/15/2021, 05/16/2021, 05/17/2021, 05/18/2021",High offspring acoustic activity,0.5,Stable female denominator
24261,CNLM,2021 Willey Wetlands 2,2021 Willey Wetlands 2,,6/10/2021,8/17/2021,Simple,,2021 Willey Wetlands 2 p1,Successful,"Bulrush, cattails",100-500,300,inf,6/2/2021,6/14/2021,6/28/2021,7/6/2021,ND,ND,74,OK,,7,27,0.38,7,147,0.538,1.416,OK,ARI=1.416 from nestling_rate=0.538 / female_rate=0.38,06/05/2021,06/11/2021,06/19/2021,06/25/2021,06/03/2021,08/17/2021,71,273,106,27,267,147,"06/10/2021, 06/11/2021","06/19/2021, 06/20/2021, 06/21/2021, 06/22/2021, 06/23/2021, 06/24/2021, 06/25/2021",06/10/2021,06/21/2021,06/10/2021,06/11/2021,06/15/2021,07/02/2021,06/19/2021,06/25/2021,06/30/2021,8,73,0.234,Yes,06/23/2021,06/30/2021,312,161,73,"06/23/2021, 06/26/2021, 06/27/2021, 06/28/2021, 06/29/2021, 06/30/2021",High offspring acoustic activity,0.5,Stable female denominator
24790,Wind Wolves Preserve,2021 Wind Wolves Preserve,2021 Wind Wolves Preserve,,4/14/2021,7/20/2021,Simple,,2021 Wind Wolves Preserve p1,Successful,Stinging nettle,NEED,NEED,4/21/2021,5/2/2021,5/14/2021,5/28/2021,6/24/2021,ND,ND,76,OK,,7,107,0.392,7,39,0.273,0.696,OK,ARI=0.696 from nestling_rate=0.273 / female_rate=0.392,05/05/2021,05/11/2021,05/19/2021,05/25/2021,03/23/2021,07/20/2021,273,143,179,107,265,39,"05/05/2021, 05/06/2021, 05/07/2021, 05/08/2021, 05/09/2021, 05/10/2021, 05/11/2021","05/23/2021, 05/24/2021, 05/25/2021",05/02/2021,05/24/2021,05/05/2021,05/11/2021,05/23/2021,06/05/2021,05/23/2021,05/25/2021,05/30/2021,8,25,0.08,Yes,05/23/2021,05/30/2021,312,93,25,"05/26/2021, 05/27/2021, 05/28/2021, 05/29/2021, 05/30/2021",High offspring acoustic activity,0.5,Stable female denominator
34485,Baja,2022 Baja 1,2022 Baja Ciénega Redonda North,,3/23/2022,7/12/2022,Simple,,2022 Baja Ciénega Redonda North p1,Successful,Cattails,300-400,350,inf,4/2/2022,4/14/2022,4/29/2022,5/18/2022,ND,ND,77,OK,,7,34,0.125,7,79,0.289,2.312,OK,ARI=2.312 from nestling_rate=0.289 / female_rate=0.125,04/05/2022,04/11/2022,04/19/2022,04/25/2022,02/12/2022,07/12/2022,273,273,143,34,316,79,"04/05/2022, 04/06/2022, 04/07/2022, 04/08/2022, 04/09/2022, 04/10/2022, 04/11/2022","04/19/2022, 04/20/2022, 04/21/2022, 04/22/2022, 04/23/2022, 04/24/2022, 04/25/2022",03/30/2022,04/26/2022,04/05/2022,04/11/2022,04/15/2022,05/23/2022,04/19/2022,04/25/2022,04/30/2022,8,24,0.077,Yes,04/23/2022,04/30/2022,311,553,24,"04/29/2022, 04/30/2022",High offspring acoustic activity,0.5,Stable female denominator
53136,Baja,2022 Baja 2,2022 Baja Ciénega Redonda North 2,,3/23/2022,7/17/2022,Simple,,2022 Baja Ciénega Redonda North 2 p1,Successful,Cattails,300-400,350,inf,4/3/2022,4/15/2022,4/30/2022,5/18/2022,ND,ND,78,OK,,7,24,0.088,7,120,0.441,5.011,OK,ARI=5.011 from nestling_rate=0.441 / female_rate=0.088,04/06/2022,04/12/2022,04/20/2022,04/26/2022,02/12/2022,07/14/2022,273,272,118,24,343,120,"04/06/2022, 04/07/2022, 04/08/2022, 04/09/2022, 04/12/2022","04/20/2022, 04/21/2022, 04/22/2022, 04/23/2022, 04/24/2022, 04/25/2022, 04/26/2022",03/24/2022,04/24/2022,04/06/2022,04/12/2022,04/14/2022,05/18/2022,04/20/2022,04/26/2022,05/01/2022,8,32,0.103,Yes,04/24/2022,05/01/2022,312,467,32,"04/30/2022, 05/01/2022",High offspring acoustic activity,0.5,Stable female denominator
34079,Sacramento National Wildlife Refuge Complex,2022 Colusa NWR T27.2,2022 Colusa NWR T27-2S,,4/18/2022,8/4/2022,Simple,,2022 Colusa NWR T27-2S p1,Successful,"Bulrush, cattails",3000,3000,missed,5/19/2022,5/31/2022,6/13/2022,6/20/2022,ND,ND,80,OK,,7,6,0.022,7,2,0.007,0.318,OK,ARI=0.318 from nestling_rate=0.007 / female_rate=0.022,05/22/2022,05/28/2022,06/05/2022,06/11/2022,02/12/2022,08/03/2022,273,273,38,6,44,2,"05/24/2022, 05/27/2022","06/06/2022, 06/09/2022",05/24/2022,06/05/2022,05/24/2022,05/27/2022,05/31/2022,06/09/2022,06/06/2022,06/09/2022,06/16/2022,8,7,0.022,Yes,06/09/2022,06/16/2022,312,41,7,"06/13/2022, 06/14/2022, 06/15/2022, 06/16/2022",Reduced offspring acoustic activity,0.5,Moderate female denominator
34112,Central Sacramento Valley,2022 Conaway North,2022 Conaway North,,5/4/2022,6/28/2022,Simple,,2022 Conaway North p1,Successful,"Cattails, Himalayan blackberry, willow",15000,15000,inf,5/9/2022,5/21/2022,5/31/2022,6/19/2022,ND,ND,82,OK,,7,489,0.896,7,446,0.817,0.912,OK,ARI=0.912 from nestling_rate=0.817 / female_rate=0.896,05/12/2022,05/18/2022,05/26/2022,06/01/2022,05/04/2022,06/28/2022,546,546,1094,489,1063,446,"05/12/2022, 05/13/2022, 05/14/2022, 05/15/2022, 05/16/2022, 05/17/2022, 05/18/2022","05/26/2022, 05/27/2022, 05/28/2022, 05/29/2022, 05/30/2022, 05/31/2022, 06/01/2022",05/08/2022,06/03/2022,05/12/2022,05/18/2022,05/22/2022,06/12/2022,05/26/2022,06/01/2022,06/06/2022,8,357,0.572,Yes,05/30/2022,06/06/2022,624,1041,357,"05/30/2022, 05/31/2022, 06/01/2022, 06/02/2022, 06/03/2022, 06/04/2022, 06/05/2022, 06/06/2022",High offspring acoustic activity,0.5,Stable female denominator
34113,Central Sacramento Valley,2022 Conaway North A,2022 Conaway North A,,5/4/2022,6/28/2022,Simple,,2022 Conaway North A p1,Successful,"Cattails, Himalayan blackberry, willow",15000,15000,inf,5/10/2022,5/22/2022,6/1/2022,6/16/2022,ND,ND,83,OK,,7,259,0.474,7,286,0.524,1.105,OK,ARI=1.105 from nestling_rate=0.524 / female_rate=0.474,05/13/2022,05/19/2022,05/27/2022,06/02/2022,05/04/2022,06/28/2022,546,546,504,259,547,286,"05/13/2022, 05/14/2022, 05/15/2022, 05/16/2022, 05/17/2022, 05/18/2022, 05/19/2022","05/27/2022, 05/28/2022, 05/29/2022, 05/30/2022, 05/31/2022, 06/01/2022, 06/02/2022",05/07/2022,05/31/2022,05/13/2022,05/19/2022,05/24/2022,06/12/2022,05/27/2022,06/02/2022,06/07/2022,8,264,0.423,Yes,05/31/2022,06/07/2022,624,693,264,"06/01/2022, 06/02/2022, 06/03/2022, 06/04/2022, 06/05/2022, 06/06/2022, 06/07/2022",High offspring acoustic activity,0.5,Stable female denominator
34115,Central Sacramento Valley,2022 Conaway East,2022 Conaway Ranch Reservoir,,5/9/2022,6/28/2022,Simple,,2022 Conaway Ranch Reservoir p1,Partially Abandoned,Himalayan blackberry,Unknown,Unknown,inf,5/11/2022,5/23/2022,~6/7/2022,6/17/2022,ND,5/20/2022,84,OK,,7,142,0.26,7,22,0.04,0.154,OK,ARI=0.154 from nestling_rate=0.04 / female_rate=0.26,05/14/2022,05/20/2022,05/28/2022,06/03/2022,05/09/2022,06/28/2022,546,546,392,142,50,22,"05/14/2022, 05/15/2022, 05/16/2022, 05/17/2022, 05/18/2022, 05/19/2022, 05/20/2022",05/28/2022,05/09/2022,05/25/2022,05/14/2022,05/20/2022,05/25/2022,05/28/2022,05/28/2022,05/28/2022,06/08/2022,8,4,0.006,Yes,06/01/2022,06/08/2022,624,146,4,"06/05/2022, 06/07/2022, 06/08/2022",Reduced offspring acoustic activity,0.5,Stable female denominator
34078,Solano County,2022 Creed Road,2022 Denverton Creek,,2/13/2022,8/20/2022,Simple,,2022 Denverton Creek p1,Successful,Himalayan blackberry,1000,1000,3/13/2022,4/3/2022,4/15/2022,4/28/2022,5/20/2022,ND,ND,85,OK,,7,178,0.652,7,233,0.853,1.308,OK,ARI=1.308 from nestling_rate=0.853 / female_rate=0.652,04/06/2022,04/12/2022,04/20/2022,04/26/2022,02/13/2022,08/20/2022,273,273,463,178,525,233,"04/06/2022, 04/07/2022, 04/08/2022, 04/09/2022, 04/10/2022, 04/11/2022, 04/12/2022","04/20/2022, 04/21/2022, 04/22/2022, 04/23/2022, 04/24/2022, 04/25/2022, 04/26/2022",03/27/2022,04/29/2022,04/06/2022,04/12/2022,04/17/2022,06/12/2022,04/20/2022,04/26/2022,05/01/2022,8,51,0.163,Yes,04/24/2022,05/01/2022,312,783,51,"04/28/2022, 04/29/2022, 04/30/2022, 05/01/2022",High offspring acoustic activity,0.5,Stable female denominator
33966,Solano County,2022 Hay Landfill,2022 Hay Landfill,,2/13/2022,9/9/2022,Sequential,,2022 Hay Landfill p1,Partially Abandoned,"Bulrush, cattails",4000,4000,2/24/2022,3/31/2022,4/12/2022,4/27/2022,5/15/2022,ND,ND,88,REVIEW,"Outcome is Partially Abandoned, but abandon date does not end with P/p.",7,91,0.333,7,12,0.044,0.132,OK,ARI=0.132 from nestling_rate=0.044 / female_rate=0.333,04/03/2022,04/09/2022,04/17/2022,04/23/2022,02/13/2022,09/06/2022,273,273,318,91,83,12,"04/03/2022, 04/04/2022, 04/05/2022, 04/06/2022, 04/07/2022, 04/08/2022, 04/09/2022","04/17/2022, 04/18/2022, 04/19/2022",03/21/2022,06/01/2022,04/03/2022,04/09/2022,04/12/2022,06/06/2022,04/17/2022,04/19/2022,04/28/2022,8,6,0.019,Yes,04/21/2022,04/28/2022,312,374,6,"04/27/2022, 04/28/2022",Reduced offspring acoustic activity,0.5,Stable female denominator
33966,Solano County,2022 Hay Landfill,2022 Hay Landfill,,2/13/2022,9/9/2022,Sequential,,2022 Hay Landfill p2,Successful,"Bulrush, cattails",4000,4000,5/4/2022,5/7/2022,5/19/2022,6/1/2022,6/27/2022,ND,ND,88,OK,,7,2,0.007,7,6,0.022,3.143,OK,ARI=3.143 from nestling_rate=0.022 / female_rate=0.007,05/10/2022,05/16/2022,05/24/2022,05/30/2022,02/13/2022,09/06/2022,273,273,318,2,83,6,"05/15/2022, 05/16/2022","05/24/2022, 05/25/2022, 05/28/2022, 05/30/2022",03/21/2022,06/01/2022,05/15/2022,05/16/2022,04/12/2022,06/06/2022,05/24/2022,05/30/2022,06/04/2022,8,14,0.045,Yes,05/28/2022,06/04/2022,312,374,14,"05/31/2022, 06/01/2022, 06/02/2022, 06/03/2022, 06/04/2022",High offspring acoustic activity,0.5,Low female denominator
34077,Monterey,2022 Laguna Seca,2022 Laguna Seca,,3/20/2022,7/11/2022,Sequential,,2022 Laguna Seca p2,Unknown,"Bulrush, cattails",Unknown,Unknown,5/3/2022,5/13/2022,5/25/2022,ND,ND,ND,ND,89,OK,,7,56,0.205,7,32,0.117,0.571,OK,ARI=0.571 from nestling_rate=0.117 / female_rate=0.205,05/16/2022,05/22/2022,05/30/2022,06/05/2022,03/20/2022,07/10/2022,273,273,116,56,75,32,"05/16/2022, 05/17/2022, 05/18/2022, 05/19/2022, 05/20/2022, 05/21/2022, 05/22/2022","05/30/2022, 05/31/2022, 06/01/2022, 06/02/2022",05/08/2022,05/29/2022,05/16/2022,05/22/2022,04/16/2022,06/06/2022,05/30/2022,06/02/2022,ND,8,0,0.0,No,06/03/2022,06/10/2022,312,0,0,,High offspring acoustic activity,0.5,Stable female denominator
34073,Oregon,2022 OR2,2022 Oregon State - Prineville Woodward Rd,,4/24/2022,6/3/2022,Simple,,2022 Oregon State - Prineville Woodward Rd p1,Successful,Cattails,40-80,60,missed,~5/4/2022,5/16/2022,~5/28/2022,ND,ND,ND,94,OK,,7,6,0.011,7,0,0.0,0.0,OK,ARI=0.0 from nestling_rate=0.0 / female_rate=0.011,05/07/2022,05/13/2022,05/21/2022,05/27/2022,04/24/2022,06/03/2022,546,546,11,6,1,0,"05/07/2022, 05/08/2022",,05/04/2022,05/08/2022,05/07/2022,05/08/2022,05/29/2022,05/29/2022,ND,ND,05/31/2022,8,16,0.026,Yes,05/25/2022,06/01/2022,624,48,16,"05/25/2022, 05/28/2022, 05/30/2022, 05/31/2022",Reduced offspring acoustic activity,0.5,Moderate female denominator
34071,CNLM,2022 Paicines Ranch - Teal Pond,2022 Paicines Ranch - Teal Pond,,4/10/2022,8/6/2022,Simple,,2022 Paicines Ranch - Teal Pond p1,Successful,"Bulrush, cattails",4000,4000,inf,4/10/2022,4/22/2022,5/6/2022,5/27/2022,ND,ND,95,OK,,7,28,0.103,7,30,0.11,1.068,OK,ARI=1.068 from nestling_rate=0.11 / female_rate=0.103,04/13/2022,04/19/2022,04/27/2022,05/03/2022,02/12/2022,08/06/2022,273,273,33,28,63,30,"04/13/2022, 04/14/2022, 04/15/2022, 04/16/2022, 04/17/2022, 04/18/2022, 04/19/2022","04/27/2022, 04/28/2022, 04/29/2022, 04/30/2022, 05/01/2022, 05/02/2022, 05/03/2022",04/11/2022,04/22/2022,04/13/2022,04/19/2022,04/24/2022,05/12/2022,04/27/2022,05/03/2022,05/08/2022,8,13,0.042,Yes,05/01/2022,05/08/2022,312,248,13,"05/03/2022, 05/04/2022, 05/05/2022, 05/06/2022, 05/08/2022",High offspring acoustic activity,0.5,Stable female denominator
34072,CNLM,2022 Paicines Ranch - Teal Pond B,2022 Paicines Ranch - Teal Pond B,,4/11/2022,8/3/2022,Simple,,2022 Paicines Ranch - Teal Pond B p1,Successful,"Bulrush, cattails",4000,4000,inf,4/13/2022,4/25/2022,5/9/2022,6/2/2022,ND,ND,96,OK,,7,10,0.037,7,15,0.055,1.486,OK,ARI=1.486 from nestling_rate=0.055 / female_rate=0.037,04/16/2022,04/22/2022,04/30/2022,05/06/2022,04/11/2022,08/03/2022,273,273,22,10,30,15,"04/16/2022, 04/17/2022, 04/18/2022, 04/21/2022, 04/22/2022","04/30/2022, 05/01/2022, 05/02/2022, 05/03/2022, 05/04/2022, 05/06/2022",04/16/2022,05/07/2022,04/16/2022,04/22/2022,04/28/2022,05/13/2022,04/30/2022,05/06/2022,05/11/2022,8,41,0.131,Yes,05/04/2022,05/11/2022,312,245,41,"05/07/2022, 05/08/2022, 05/09/2022, 05/10/2022, 05/11/2022",High offspring acoustic activity,0.5,Moderate female denominator
34130,CNLM,2022 Panoche Creek Preserve Loc5,2022 Panoche Creek Marsh East 2,,4/14/2022,6/23/2022,Simple,,2022 Panoche Creek Marsh East 2 p1,Successful,Cattails,4500,4500,inf,4/8/2022,4/20/2022,5/1/2022,5/16/2022,ND,ND,98,OK,,4,62,0.431,7,115,0.421,0.977,OK,ARI=0.977 from nestling_rate=0.421 / female_rate=0.431,04/14/2022,04/17/2022,04/25/2022,05/01/2022,04/14/2022,06/23/2022,144,273,169,62,345,115,"04/14/2022, 04/15/2022, 04/16/2022, 04/17/2022","04/25/2022, 04/26/2022, 04/27/2022, 04/28/2022, 04/29/2022, 04/30/2022, 05/01/2022",04/14/2022,04/29/2022,04/14/2022,04/17/2022,04/22/2022,05/18/2022,04/25/2022,05/01/2022,05/06/2022,8,28,0.09,Yes,04/29/2022,05/06/2022,312,90,28,"05/01/2022, 05/02/2022, 05/03/2022, 05/04/2022, 05/05/2022, 05/06/2022",High offspring acoustic activity,0.5,Stable female denominator
52597,CNLM,2022 Panoche Creek Preserve Loc3,2022 Panoche Creek Preserve Location 3,,3/18/2022,6/23/2022,Simple,,2022 Panoche Creek Preserve Location 3 p1,Successful,NEED,4500,4500,inf,4/8/2022,4/20/2022,5/3/2022,5/18/2022,ND,ND,99,OK,,7,72,0.264,7,103,0.377,1.428,OK,ARI=1.428 from nestling_rate=0.377 / female_rate=0.264,04/11/2022,04/17/2022,04/25/2022,05/01/2022,03/18/2022,06/23/2022,273,273,156,72,260,103,"04/11/2022, 04/12/2022, 04/13/2022, 04/14/2022, 04/15/2022, 04/16/2022, 04/17/2022","04/25/2022, 04/26/2022, 04/27/2022, 04/28/2022, 04/29/2022, 04/30/2022, 05/01/2022",04/05/2022,04/29/2022,04/11/2022,04/17/2022,04/20/2022,05/18/2022,04/25/2022,05/01/2022,05/06/2022,8,9,0.029,Yes,04/29/2022,05/06/2022,312,75,9,"05/03/2022, 05/04/2022, 05/05/2022, 05/06/2022",High offspring acoustic activity,0.5,Stable female denominator
34013,Central Sacramento Valley,2022 Plumas Arboga West,2022 Plumas Arboga 6 West,,5/11/2022,6/28/2022,Simple,,2022 Plumas Arboga 6 West p1,Successful,Himalayan blackberry,9000,9000,inf,5/12/2022,5/24/2022,5/31/2022,ND,ND,ND,101,OK,,7,482,0.883,7,445,0.815,0.923,OK,ARI=0.923 from nestling_rate=0.815 / female_rate=0.883,05/15/2022,05/21/2022,05/29/2022,06/04/2022,05/11/2022,06/28/2022,546,546,1522,482,1263,445,"05/15/2022, 05/16/2022, 05/17/2022, 05/18/2022, 05/19/2022, 05/20/2022, 05/21/2022","05/29/2022, 05/30/2022, 05/31/2022, 06/01/2022, 06/02/2022, 06/03/2022, 06/04/2022",05/12/2022,06/12/2022,05/15/2022,05/21/2022,05/17/2022,06/18/2022,05/29/2022,06/04/2022,06/09/2022,8,220,0.353,Yes,06/02/2022,06/09/2022,624,1287,220,"06/02/2022, 06/03/2022, 06/04/2022, 06/05/2022, 06/06/2022, 06/07/2022, 06/08/2022, 06/09/2022",High offspring acoustic activity,0.5,Stable female denominator
33985,Sedgwick,2022 Sedgwick,2022 Sedgwick Reserve Pond,,3/20/2022,7/12/2022,Sequential,,2022 Sedgwick Reserve Pond p1,Successful,Cattails,200,200,inf,3/29/2022,4/10/2022,4/26/2022,5/7/2022,ND,ND,108,OK,,7,29,0.106,7,89,0.326,3.075,OK,ARI=3.075 from nestling_rate=0.326 / female_rate=0.106,04/01/2022,04/07/2022,04/15/2022,04/21/2022,03/20/2022,07/12/2022,273,273,77,29,848,89,"04/01/2022, 04/02/2022, 04/03/2022, 04/04/2022, 04/05/2022, 04/06/2022, 04/07/2022","04/15/2022, 04/16/2022, 04/17/2022, 04/18/2022, 04/19/2022, 04/20/2022, 04/21/2022",03/24/2022,05/26/2022,04/01/2022,04/07/2022,04/12/2022,06/18/2022,04/15/2022,04/21/2022,04/26/2022,8,16,0.051,Yes,04/19/2022,04/26/2022,312,264,16,"04/25/2022, 04/26/2022",High offspring acoustic activity,0.5,Stable female denominator
33984,Washington,2022 WA Harder Spring,2022 Washington State - Harder Spring,,3/18/2022,7/13/2022,Additions,,2022 Washington State - Harder Spring p1,Successful,"Bulrush, cattails, common reed",200,200,4/27/2022,~5/5/2022,5/17/2022,5/30/2022,6/12/2022,ND,ND,109,OK,,7,51,0.187,7,88,0.322,1.722,OK,ARI=1.722 from nestling_rate=0.322 / female_rate=0.187,05/08/2022,05/14/2022,05/22/2022,05/28/2022,03/18/2022,07/13/2022,273,273,263,51,705,88,"05/08/2022, 05/09/2022, 05/10/2022, 05/11/2022, 05/12/2022, 05/13/2022, 05/14/2022","05/24/2022, 05/25/2022, 05/26/2022, 05/27/2022, 05/28/2022",04/27/2022,06/08/2022,05/08/2022,05/14/2022,05/24/2022,06/22/2022,05/24/2022,05/28/2022,06/02/2022,8,24,0.077,Yes,05/26/2022,06/02/2022,312,265,24,"05/30/2022, 05/31/2022, 06/01/2022, 06/02/2022",High offspring acoustic activity,0.5,Stable female denominator
33984,Washington,2022 WA Harder Spring,2022 Washington State - Harder Spring,,3/18/2022,7/13/2022,Additions,,2022 Washington State - Harder Spring p2,Successful,"Bulrush, cattails, common reed",200,200,5/18/2022,5/26/2022,6/7/2022,6/15/2022,6/22/2022,ND,ND,109,OK,,7,76,0.278,7,178,0.652,2.345,OK,ARI=2.345 from nestling_rate=0.652 / female_rate=0.278,05/29/2022,06/04/2022,06/12/2022,06/18/2022,03/18/2022,07/13/2022,273,273,263,76,705,178,"05/29/2022, 05/30/2022, 05/31/2022, 06/01/2022, 06/02/2022, 06/03/2022, 06/04/2022","06/12/2022, 06/13/2022, 06/14/2022, 06/15/2022, 06/16/2022, 06/17/2022, 06/18/2022",04/27/2022,06/08/2022,05/29/2022,06/04/2022,05/24/2022,06/22/2022,06/12/2022,06/18/2022,06/22/2022,8,81,0.26,Yes,06/16/2022,06/23/2022,312,265,81,"06/16/2022, 06/17/2022, 06/18/2022, 06/19/2022, 06/20/2022, 06/21/2022, 06/22/2022",High offspring acoustic activity,0.5,Stable female denominator
48459,Central Sacramento Valley,2023 Laguna Fry Confluence - 45 Sump,2023 45 Sump,,4/25/2023,6/18/2023,Simple,,2023 45 Sump p1,Successful,Himalayan blackberry,5500,5500,inf,4/29/2023,5/11/2023,5/21/2023,5/30/2023,ND,ND,114,OK,,7,178,0.652,7,166,0.608,0.933,OK,ARI=0.933 from nestling_rate=0.608 / female_rate=0.652,05/02/2023,05/08/2023,05/16/2023,05/22/2023,03/07/2023,06/18/2023,273,273,500,178,467,166,"05/02/2023, 05/03/2023, 05/04/2023, 05/05/2023, 05/06/2023, 05/07/2023, 05/08/2023","05/16/2023, 05/17/2023, 05/18/2023, 05/19/2023, 05/20/2023, 05/21/2023, 05/22/2023",04/27/2023,05/20/2023,05/02/2023,05/08/2023,05/13/2023,05/31/2023,05/16/2023,05/22/2023,05/27/2023,8,139,0.446,Yes,05/20/2023,05/27/2023,312,194,139,"05/21/2023, 05/22/2023, 05/23/2023, 05/24/2023, 05/25/2023, 05/26/2023, 05/27/2023",High offspring acoustic activity,0.5,Stable female denominator
48455,Sacramento National Wildlife Refuge Complex,2023 Colusa NWR T27.1,2023 Colusa NWR T27-1&2,,6/1/2023,8/1/2023,Simple,,2023 Colusa NWR T27-1&2 p1,Partially Abandoned,"Bulrush, cattails","2,000",2000,6/26/2023,7/4/2023,7/16/2023,7/27/2023,7/30/2023,ND,7/24/2023,116,OK,,7,177,0.648,7,79,0.289,0.446,OK,ARI=0.446 from nestling_rate=0.289 / female_rate=0.648,07/07/2023,07/13/2023,07/21/2023,07/27/2023,03/07/2023,08/01/2023,273,273,417,177,109,79,"07/07/2023, 07/08/2023, 07/09/2023, 07/10/2023, 07/11/2023, 07/12/2023, 07/13/2023","07/21/2023, 07/22/2023, 07/23/2023, 07/24/2023, 07/25/2023",07/01/2023,07/24/2023,07/07/2023,07/13/2023,07/19/2023,07/25/2023,07/21/2023,07/25/2023,07/30/2023,8,22,0.076,Yes,07/25/2023,08/01/2023,288,245,22,"07/27/2023, 07/28/2023, 07/29/2023, 07/30/2023",Reduced offspring acoustic activity,0.5,Stable female denominator
58629,Sacramento National Wildlife Refuge Complex,2023 Colusa NWR T27.2,2023 Colusa NWR T27-2S,,6/1/2023,8/1/2023,Simple,,2023 Colusa NWR T27-2S p1,Successful,"Bulrush, cattails","23,000",23000,inf,6/8/2023,6/20/2023,6/29/2023,7/20/2023,ND,ND,117,OK,,7,62,0.227,7,113,0.414,1.824,OK,ARI=1.824 from nestling_rate=0.414 / female_rate=0.227,06/11/2023,06/17/2023,06/25/2023,07/01/2023,03/07/2023,08/01/2023,273,273,175,62,183,113,"06/11/2023, 06/12/2023, 06/13/2023, 06/14/2023, 06/15/2023, 06/16/2023, 06/17/2023","06/25/2023, 06/26/2023, 06/27/2023, 06/28/2023, 06/29/2023, 06/30/2023, 07/01/2023",06/05/2023,06/25/2023,06/11/2023,06/17/2023,06/20/2023,07/05/2023,06/25/2023,07/01/2023,07/06/2023,8,70,0.224,Yes,06/29/2023,07/06/2023,312,307,70,"06/29/2023, 06/30/2023, 07/01/2023, 07/02/2023, 07/03/2023, 07/04/2023, 07/05/2023, 07/06/2023",High offspring acoustic activity,0.5,Stable female denominator
48473,Central Sacramento Valley,2023 Conaway Ranch - HQ,2023 Conaway Ranch Headquarters,,5/24/2023,7/5/2023,Simple,,2023 Conaway Ranch Headquarters p1,Successful,Himalayan blackberry,5000,5000,5/26/2023,6/1/2023,6/13/2023,6/23/2023,6/30/2023,ND,ND,118,OK,,7,181,0.663,7,203,0.744,1.122,OK,ARI=1.122 from nestling_rate=0.744 / female_rate=0.663,06/04/2023,06/10/2023,06/18/2023,06/24/2023,05/24/2023,07/05/2023,273,273,500,181,330,203,"06/04/2023, 06/05/2023, 06/06/2023, 06/07/2023, 06/08/2023, 06/09/2023, 06/10/2023","06/18/2023, 06/19/2023, 06/20/2023, 06/21/2023, 06/22/2023, 06/23/2023, 06/24/2023",05/31/2023,06/23/2023,06/04/2023,06/10/2023,06/15/2023,06/29/2023,06/18/2023,06/24/2023,06/29/2023,8,101,0.324,Yes,06/22/2023,06/29/2023,312,137,101,"06/22/2023, 06/23/2023, 06/24/2023, 06/25/2023, 06/26/2023, 06/27/2023, 06/28/2023, 06/29/2023",High offspring acoustic activity,0.5,Stable female denominator
48474,Central Sacramento Valley,2023 Conaway Ranch NE,2023 Conaway Ranch NE,,5/26/2023,7/11/2023,Simple,,2023 Conaway Ranch NE p1,Successful,Himalayan blackberry,9000,9000,inf,5/30/2023,6/11/2023,6/25/2023,6/30/2023,6/17/2023P,ND,119,REVIEW,"Abandon date ends with P/p, but outcome is not Partially Abandoned.; Outcome is Successful, but abandon date has a value.",7,90,0.33,7,64,0.234,0.709,OK,ARI=0.709 from nestling_rate=0.234 / female_rate=0.33,06/02/2023,06/08/2023,06/16/2023,06/22/2023,05/26/2023,07/11/2023,273,273,321,90,100,64,"06/02/2023, 06/03/2023, 06/04/2023, 06/05/2023, 06/06/2023, 06/07/2023, 06/08/2023","06/16/2023, 06/17/2023, 06/18/2023, 06/19/2023, 06/20/2023, 06/21/2023, 06/22/2023",05/27/2023,06/28/2023,06/02/2023,06/08/2023,06/13/2023,07/09/2023,06/16/2023,06/22/2023,06/27/2023,8,21,0.067,Yes,06/20/2023,06/27/2023,312,35,21,"06/23/2023, 06/24/2023, 06/25/2023, 06/26/2023, 06/27/2023",High offspring acoustic activity,0.5,Stable female denominator
48477,Central Sacramento Valley,2023 Conaway Ranch North 1,2023 Conaway Ranch North 1,,6/8/2023,7/13/2023,Simple,,2023 Conaway Ranch North 1 p1,Successful,"Himalayan blackberry, cattails",10000,10000,ND,6/6/2023,6/18/2023,6/27/2023,ND,ND,ND,120,OK,,7,194,0.711,7,251,0.919,1.293,OK,ARI=1.293 from nestling_rate=0.919 / female_rate=0.711,06/09/2023,06/15/2023,06/23/2023,06/29/2023,06/08/2023,07/13/2023,273,273,502,194,500,251,"06/09/2023, 06/10/2023, 06/11/2023, 06/12/2023, 06/13/2023, 06/14/2023, 06/15/2023","06/23/2023, 06/24/2023, 06/25/2023, 06/26/2023, 06/27/2023, 06/28/2023, 06/29/2023",06/08/2023,06/27/2023,06/09/2023,06/15/2023,06/21/2023,07/09/2023,06/23/2023,06/29/2023,07/04/2023,8,173,0.554,Yes,06/27/2023,07/04/2023,312,398,173,"06/27/2023, 06/28/2023, 06/29/2023, 06/30/2023, 07/01/2023, 07/02/2023, 07/03/2023, 07/04/2023",High offspring acoustic activity,0.5,Stable female denominator
48476,Central Sacramento Valley,2023 Conaway Ranch North 2,2023 Conaway Ranch North 2,,6/13/2023,7/27/2023,Simple,,2023 Conaway Ranch North 2 p1,Successful,"Himalayan blackberry, cattails",10000,10000,inf,6/16/2023,6/28/2023,7/7/2023,7/23/2023,ND,ND,121,OK,,7,166,0.608,7,123,0.451,0.742,OK,ARI=0.742 from nestling_rate=0.451 / female_rate=0.608,06/19/2023,06/25/2023,07/03/2023,07/09/2023,06/13/2023,07/27/2023,273,273,434,166,285,123,"06/19/2023, 06/20/2023, 06/21/2023, 06/22/2023, 06/23/2023, 06/24/2023, 06/25/2023","07/03/2023, 07/04/2023, 07/05/2023, 07/06/2023, 07/07/2023, 07/08/2023, 07/09/2023",06/16/2023,07/06/2023,06/19/2023,06/25/2023,06/30/2023,07/17/2023,07/03/2023,07/09/2023,07/14/2023,8,160,0.513,Yes,07/07/2023,07/14/2023,312,483,160,"07/07/2023, 07/08/2023, 07/09/2023, 07/10/2023, 07/11/2023, 07/12/2023, 07/13/2023, 07/14/2023",High offspring acoustic activity,0.5,Stable female denominator
48462,Solano County,2023 Creed Rd,2023 Denverton Creek,,3/12/2023,8/7/2023,Simple,,2023 Denverton Creek p1,Abandoned,Himalayan blackberry,1000,1000,4/26/2023,5/9/2023,5/21/2023,ND,ND,5/10/2023,ND,125,OK,,7,1,0.004,7,0,0.0,0.0,OK,ARI=0.0 from nestling_rate=0.0 / female_rate=0.004,05/12/2023,05/18/2023,05/26/2023,06/01/2023,03/12/2023,07/16/2023,273,273,29,1,0,0,05/15/2023,,05/03/2023,05/15/2023,05/15/2023,05/15/2023,ND,ND,ND,ND,ND,8,0,0.0,No,05/30/2023,06/06/2023,312,0,0,,No detected offspring acoustic evidence,0.5,Low female denominator
48463,Central Sacramento Valley,2023 Hale Road,2023 Hale Road,,4/18/2023,7/8/2023,Sequential,,2023 Hale Road p1,Successful,"Himalayan blackberry, cattails",10000,10000,5/20/2023,5/25/2023,6/6/2023,6/12/2023,7/6/2023,ND,ND,126,OK,,7,270,0.989,7,224,0.821,0.83,OK,ARI=0.83 from nestling_rate=0.821 / female_rate=0.989,05/28/2023,06/03/2023,06/11/2023,06/17/2023,04/18/2023,07/08/2023,273,273,841,270,531,224,"05/28/2023, 05/29/2023, 05/30/2023, 05/31/2023, 06/01/2023, 06/02/2023, 06/03/2023","06/11/2023, 06/12/2023, 06/13/2023, 06/14/2023, 06/15/2023, 06/16/2023, 06/17/2023",05/20/2023,07/08/2023,05/28/2023,06/03/2023,06/08/2023,07/05/2023,06/11/2023,06/17/2023,06/22/2023,8,231,0.74,Yes,06/15/2023,06/22/2023,312,683,231,"06/15/2023, 06/16/2023, 06/17/2023, 06/18/2023, 06/19/2023, 06/20/2023, 06/21/2023, 06/22/2023",High offspring acoustic activity,0.5,Stable female denominator
48468,Central Sacramento Valley,2023 Hale Road Site 2,2023 Hale Road Site 2,,4/11/2023,7/8/2023,Simple,,2023 Hale Road Site 2 p1,Successful,"Himalayan blackberry, cattails",10000,10000,5/20/2023,5/25/2023,6/6/2023,6/11/2023,7/5/2023,ND,ND,127,OK,,7,261,0.956,7,261,0.956,1.0,OK,ARI=1.0 from nestling_rate=0.956 / female_rate=0.956,05/28/2023,06/03/2023,06/11/2023,06/17/2023,04/11/2023,07/08/2023,273,273,702,261,533,261,"05/28/2023, 05/29/2023, 05/30/2023, 05/31/2023, 06/01/2023, 06/02/2023, 06/03/2023","06/11/2023, 06/12/2023, 06/13/2023, 06/14/2023, 06/15/2023, 06/16/2023, 06/17/2023",05/21/2023,06/12/2023,05/28/2023,06/03/2023,06/08/2023,06/22/2023,06/11/2023,06/17/2023,06/22/2023,8,260,0.833,Yes,06/15/2023,06/22/2023,312,697,260,"06/15/2023, 06/16/2023, 06/17/2023, 06/18/2023, 06/19/2023, 06/20/2023, 06/21/2023, 06/22/2023",High offspring acoustic activity,0.5,Stable female denominator
48470,Southern Sierra Research Station,2023 Kern - HQ2,2023 Kern - Headquarters 2,,5/3/2023,8/11/2023,Sequential,,2023 Kern - Headquarters 2 p1,Successful,Sandbar Willow,100,100,5/20/2023,5/27/2023,6/8/2023,6/20/2023,7/3/2023,ND,ND,131,OK,,7,77,0.282,7,173,0.634,2.248,OK,ARI=2.248 from nestling_rate=0.634 / female_rate=0.282,05/30/2023,06/05/2023,06/13/2023,06/19/2023,03/09/2023,08/11/2023,273,273,345,77,1003,173,"05/30/2023, 05/31/2023, 06/01/2023, 06/02/2023, 06/03/2023, 06/04/2023, 06/05/2023","06/13/2023, 06/14/2023, 06/15/2023, 06/16/2023, 06/17/2023, 06/18/2023, 06/19/2023",05/24/2023,07/17/2023,05/30/2023,06/05/2023,06/11/2023,08/06/2023,06/13/2023,06/19/2023,06/24/2023,8,145,0.465,Yes,06/17/2023,06/24/2023,312,785,145,"06/17/2023, 06/19/2023, 06/20/2023, 06/21/2023, 06/22/2023, 06/23/2023, 06/24/2023",High offspring acoustic activity,0.5,Stable female denominator
48470,Southern Sierra Research Station,2023 Kern - HQ2,2023 Kern - Headquarters 2,,5/3/2023,8/11/2023,Sequential,,2023 Kern - Headquarters 2 p2,Successful,Sandbar Willow,100,100,6/23/2023,6/23/2023,7/5/2023,7/19/2023,8/7/2023,ND,ND,131,OK,,7,3,0.011,7,92,0.337,30.636,OK,ARI=30.636 from nestling_rate=0.337 / female_rate=0.011,06/26/2023,07/02/2023,07/10/2023,07/16/2023,03/09/2023,08/11/2023,272,273,345,3,1003,92,"06/29/2023, 07/01/2023, 07/02/2023","07/10/2023, 07/11/2023, 07/12/2023, 07/13/2023, 07/14/2023, 07/15/2023, 07/16/2023",05/24/2023,07/17/2023,06/29/2023,07/02/2023,06/11/2023,08/06/2023,07/10/2023,07/16/2023,07/21/2023,8,13,0.042,Yes,07/14/2023,07/21/2023,311,785,13,"07/17/2023, 07/19/2023, 07/20/2023, 07/21/2023",High offspring acoustic activity,0.5,Low female denominator
48465,Central Sacramento Valley,2023 Laguna Fry Confluence - Site 1,2023 Laguna Frye Confluence 3,,5/9/2023,6/18/2023,Simple,,2023 Laguna Frye Confluence 3 p1,Successful,"Himalayan blackberry, cattails, tule",17500,17500,inf,5/5/2023,5/17/2023,5/26/2023,~6/1/2023,ND,ND,132,OK,,7,162,0.747,7,121,0.443,0.593,OK,ARI=0.593 from nestling_rate=0.443 / female_rate=0.747,05/08/2023,05/14/2023,05/22/2023,05/28/2023,03/07/2023,06/18/2023,217,273,314,162,220,121,"05/09/2023, 05/10/2023, 05/11/2023, 05/12/2023, 05/13/2023, 05/14/2023","05/22/2023, 05/23/2023, 05/24/2023, 05/25/2023, 05/26/2023, 05/27/2023, 05/28/2023",05/09/2023,05/25/2023,05/09/2023,05/14/2023,05/18/2023,05/31/2023,05/22/2023,05/28/2023,05/31/2023,8,152,0.487,Yes,05/26/2023,06/02/2023,312,176,152,"05/26/2023, 05/27/2023, 05/28/2023, 05/29/2023, 05/30/2023, 05/31/2023",High offspring acoustic activity,0.5,Stable female denominator
48458,Central Sacramento Valley,2023 Weagell Property 2,2023 Laguna Frye Confluence 2,,4/25/2023,6/18/2023,Sequential,,2023 Laguna Frye Confluence 2 p1,Successful,"Himalayan blackberry, cattails",17500,17500,inf,5/7/2023,5/19/2023,5/25/2023,6/7/2023,ND,ND,134,OK,,7,63,0.231,7,103,0.377,1.632,OK,ARI=1.632 from nestling_rate=0.377 / female_rate=0.231,05/10/2023,05/16/2023,05/24/2023,05/30/2023,04/25/2023,06/18/2023,273,273,188,63,196,103,"05/10/2023, 05/11/2023, 05/12/2023, 05/13/2023, 05/14/2023, 05/15/2023, 05/16/2023","05/25/2023, 05/26/2023, 05/27/2023, 05/28/2023, 05/29/2023, 05/30/2023",04/27/2023,06/17/2023,05/10/2023,05/16/2023,05/25/2023,06/05/2023,05/25/2023,05/30/2023,06/04/2023,8,303,0.971,Yes,05/28/2023,06/04/2023,312,483,303,"05/28/2023, 05/29/2023, 05/30/2023, 05/31/2023, 06/01/2023, 06/02/2023, 06/03/2023, 06/04/2023",High offspring acoustic activity,0.5,Stable female denominator
48428,Los Vaqueros,2023 Los Vaqueros - Walnut Trail Marsh,2023 Los Vaqueros - Walnut Trail Marsh,,4/7/2023,7/7/2023,Simple,,2023 Los Vaqueros - Walnut Trail Marsh p1,Abandoned,"Bulrush, cattails",500,500,inf,4/14/2023,4/26/2023,ND,ND,4/30/2023,ND,136,OK,,7,45,0.165,7,0,0.0,0.0,OK,ARI=0.0 from nestling_rate=0.0 / female_rate=0.165,04/17/2023,04/23/2023,05/01/2023,05/07/2023,03/07/2023,07/07/2023,273,273,120,45,0,0,"04/17/2023, 04/18/2023, 04/19/2023, 04/20/2023, 04/21/2023, 04/22/2023, 04/23/2023",,04/08/2023,04/29/2023,04/17/2023,04/23/2023,ND,ND,ND,ND,ND,8,0,0.0,No,05/05/2023,05/12/2023,312,34,0,,No detected offspring acoustic evidence,0.5,Stable female denominator
48444,Los Vaqueros,2023 Los Vaqueros Reservoir,2023 Los Vaqueros Playa,,3/24/2023,7/31/2023,Sequential,,2023 Los Vaqueros Playa p1,Successful,Himalayan blackberry,2000,2000,inf,4/16/2023,4/28/2023,5/6/2023,6/14/2023,ND,ND,137,OK,,7,146,0.537,7,237,0.868,1.616,OK,ARI=1.616 from nestling_rate=0.868 / female_rate=0.537,04/19/2023,04/25/2023,05/03/2023,05/09/2023,03/07/2023,07/31/2023,272,273,869,146,908,237,"04/19/2023, 04/20/2023, 04/21/2023, 04/22/2023, 04/23/2023, 04/24/2023, 04/25/2023","05/03/2023, 05/04/2023, 05/05/2023, 05/06/2023, 05/07/2023, 05/08/2023, 05/09/2023",04/08/2023,07/01/2023,04/19/2023,04/25/2023,04/29/2023,07/04/2023,05/03/2023,05/09/2023,05/14/2023,8,132,0.423,Yes,05/07/2023,05/14/2023,312,1458,132,"05/07/2023, 05/08/2023, 05/09/2023, 05/10/2023, 05/11/2023, 05/12/2023, 05/13/2023, 05/14/2023",High offspring acoustic activity,0.5,Stable female denominator
48444,Los Vaqueros,2023 Los Vaqueros Reservoir,2023 Los Vaqueros Playa,,3/24/2023,7/31/2023,Sequential,,2023 Los Vaqueros Playa p2,Successful,Himalayan blackberry,2000,2000,5/31/2023,6/3/2023,6/15/2023,6/26/2023,7/17/2023,ND,ND,137,OK,,7,19,0.07,7,95,0.348,4.971,OK,ARI=4.971 from nestling_rate=0.348 / female_rate=0.07,06/06/2023,06/12/2023,06/20/2023,06/26/2023,03/07/2023,07/31/2023,273,273,869,19,908,95,"06/07/2023, 06/10/2023, 06/11/2023, 06/12/2023","06/20/2023, 06/21/2023, 06/22/2023, 06/23/2023, 06/24/2023, 06/25/2023, 06/26/2023",04/08/2023,07/01/2023,06/07/2023,06/12/2023,04/29/2023,07/04/2023,06/20/2023,06/26/2023,07/01/2023,8,130,0.419,Yes,06/24/2023,07/01/2023,310,1458,130,"06/26/2023, 06/27/2023, 06/28/2023, 06/29/2023, 06/30/2023, 07/01/2023",High offspring acoustic activity,0.5,Moderate female denominator
48436,Markham Ravine,2023 Markham Ravine,2023 Markham Ravine,,5/15/2023,7/17/2023,Simple,,2023 Markham Ravine p1,Partially Abandoned,"Himalayan blackberry, willow",3000-4000,3500,inf,5/19/2023,5/31/2023,6/16/2023,6/30/2023,ND,5/23/2023,138,OK,,7,53,0.194,7,11,0.04,0.206,OK,ARI=0.206 from nestling_rate=0.04 / female_rate=0.194,05/22/2023,05/28/2023,06/05/2023,06/11/2023,05/15/2023,07/17/2023,273,273,179,53,45,11,"05/22/2023, 05/23/2023, 05/24/2023, 05/25/2023, 05/26/2023, 05/27/2023, 05/28/2023","06/05/2023, 06/08/2023, 06/09/2023, 06/10/2023, 06/11/2023",05/16/2023,07/02/2023,05/22/2023,05/28/2023,06/02/2023,07/16/2023,06/05/2023,06/11/2023,06/16/2023,8,11,0.035,Yes,06/09/2023,06/16/2023,312,239,11,"06/13/2023, 06/14/2023, 06/15/2023, 06/16/2023",Reduced offspring acoustic activity,0.5,Stable female denominator
48446,Merced and San Luis NWR,2023 Merced NWR - Cottonwood,2023 Merced NWR - Cottonwood Trail,,5/12/2023,6/16/2023,Sequential,,2023 Merced NWR - Cottonwood Trail p2,Partially Abandoned,"Buttonwillow, milk thistle",ND,ND,inf,~5/12/2023,5/25/2023,~6/4/2023,ND,ND,6/2/2023,140,OK,,7,37,0.136,7,0,0.0,0.0,OK,ARI=0.0 from nestling_rate=0.0 / female_rate=0.136,05/16/2023,05/22/2023,05/30/2023,06/05/2023,03/07/2023,06/16/2023,273,273,109,37,0,0,"05/16/2023, 05/17/2023, 05/18/2023, 05/19/2023, 05/20/2023, 05/21/2023, 05/22/2023",,05/12/2023,05/31/2023,05/16/2023,05/22/2023,ND,ND,ND,ND,06/07/2023,8,4,0.013,Yes,06/03/2023,06/10/2023,312,358,4,"06/04/2023, 06/05/2023, 06/06/2023, 06/07/2023",Reduced offspring acoustic activity,0.5,Stable female denominator
48490,Merced and San Luis NWR,2023 Merced NWR Deadman Wetland Ditch,2023 Merced NWR - Deadman Wetland Ditch,,5/23/2023,6/27/2023,Simple,,2023 Merced NWR - Deadman Wetland Ditch p1,Abandoned,"Milk thistle, mustard",200,200,inf,5/19/2023,5/31/2023,ND,ND,6/4/2023,ND,141,OK,,7,66,0.316,7,0,0.0,0.0,OK,ARI=0.0 from nestling_rate=0.0 / female_rate=0.316,05/22/2023,05/28/2023,06/05/2023,06/11/2023,03/07/2023,06/27/2023,209,273,85,66,6,0,"05/24/2023, 05/25/2023, 05/26/2023, 05/27/2023, 05/28/2023",,05/24/2023,06/04/2023,05/24/2023,05/28/2023,06/02/2023,06/03/2023,ND,ND,ND,8,0,0.0,No,06/09/2023,06/16/2023,312,0,0,,No detected offspring acoustic evidence,0.5,Stable female denominator
48448,Central Sacramento Valley,2023 North Regional Pond,2023 North Regional Pond,,3/31/2023,6/2/2023,Simple,,2023 North Regional Pond p1,Successful,"Mustard, milk thistle",150,150,~4/7/2023,4/23/2023,5/5/2023,5/20/2023,5/30/2023,ND,ND,142,OK,,7,6,0.022,7,0,0.0,0.0,OK,ARI=0.0 from nestling_rate=0.0 / female_rate=0.022,04/26/2023,05/02/2023,05/10/2023,05/16/2023,03/07/2023,06/02/2023,273,273,12,6,8,0,"04/27/2023, 04/28/2023, 04/29/2023",,04/17/2023,04/29/2023,04/27/2023,04/29/2023,05/04/2023,05/08/2023,ND,ND,05/21/2023,8,19,0.061,Yes,05/14/2023,05/21/2023,312,126,19,"05/15/2023, 05/18/2023, 05/19/2023, 05/20/2023, 05/21/2023",Reduced offspring acoustic activity,0.5,Moderate female denominator
48397,Oregon,2023 OR Dizney Rd,2023 Oregon State - Warm Springs Dizney Lane,,4/29/2023,7/15/2023,Simple,,2023 Oregon State - Warm Springs Dizney Lane p1,Partially Abandoned,"Cattails, Himalayan blackberry",75-100,87,inf,5/7/2023,5/19/2023,~6/3/2023,~6/9/2023,ND,5/25/2023,143,OK,,7,75,0.275,7,15,0.055,0.2,OK,ARI=0.2 from nestling_rate=0.055 / female_rate=0.275,05/10/2023,05/16/2023,05/24/2023,05/30/2023,03/07/2023,07/15/2023,273,273,287,75,18,15,"05/12/2023, 05/13/2023, 05/14/2023, 05/15/2023, 05/16/2023","05/24/2023, 05/25/2023, 05/26/2023, 05/27/2023, 05/28/2023, 05/29/2023, 05/30/2023",04/30/2023,05/26/2023,05/12/2023,05/16/2023,05/23/2023,05/30/2023,05/24/2023,05/30/2023,06/03/2023,8,1,0.003,Yes,05/28/2023,06/04/2023,312,9,1,06/03/2023,Reduced offspring acoustic activity,0.5,Stable female denominator
48445,Oregon,2023 OR Prineville North,2023 Oregon State - Prineville Grimes Rd,,4/29/2023,7/15/2023,Sequential,,2023 Oregon State - Prineville Grimes Rd p1,Successful,Cattails,50-75,62,inf,5/3/2023,5/15/2023,5/27/2023,5/29/2023,ND,ND,145,OK,,7,87,0.319,7,214,0.79,2.476,OK,ARI=2.476 from nestling_rate=0.79 / female_rate=0.319,05/06/2023,05/12/2023,05/20/2023,05/26/2023,03/07/2023,07/15/2023,273,271,352,87,582,214,"05/06/2023, 05/07/2023, 05/08/2023, 05/09/2023, 05/10/2023, 05/11/2023, 05/12/2023","05/20/2023, 05/21/2023, 05/22/2023, 05/23/2023, 05/24/2023, 05/25/2023, 05/26/2023",05/02/2023,07/01/2023,05/06/2023,05/12/2023,05/16/2023,07/08/2023,05/20/2023,05/26/2023,05/29/2023,8,35,0.113,Yes,05/24/2023,05/31/2023,310,96,35,"05/26/2023, 05/27/2023, 05/28/2023, 05/29/2023",High offspring acoustic activity,0.5,Stable female denominator
48445,Oregon,2023 OR Prineville North,2023 Oregon State - Prineville Grimes Rd,,4/29/2023,7/15/2023,Sequential,,2023 Oregon State - Prineville Grimes Rd p2,Successful,Cattails,50-75,62,6/4/2023,6/9/2023,6/21/2023,7/6/2023,7/12/2023,ND,ND,145,OK,,7,49,0.181,7,103,0.377,2.083,OK,ARI=2.083 from nestling_rate=0.377 / female_rate=0.181,06/12/2023,06/18/2023,06/26/2023,07/02/2023,03/07/2023,07/15/2023,271,273,352,49,582,103,"06/12/2023, 06/13/2023, 06/14/2023, 06/15/2023, 06/16/2023, 06/17/2023, 06/18/2023","06/26/2023, 06/27/2023, 06/29/2023, 06/30/2023, 07/01/2023, 07/02/2023",05/02/2023,07/01/2023,06/12/2023,06/18/2023,05/16/2023,07/08/2023,06/26/2023,07/02/2023,07/07/2023,8,9,0.029,Yes,06/30/2023,07/07/2023,312,96,9,"07/01/2023, 07/04/2023, 07/06/2023, 07/07/2023",High offspring acoustic activity,0.5,Stable female denominator
48475,Central Sacramento Valley,2023 Plumas Arboga 2,2023 Plumas Arboga 2,,5/26/2023,7/8/2023,Simple,,2023 Plumas Arboga 2 p1,Successful,Himalayan blackberry,7000,7000,inf,5/26/2023,6/7/2023,6/17/2023,7/1/2023,ND,ND,150,OK,,7,245,0.897,7,230,0.842,0.939,OK,ARI=0.939 from nestling_rate=0.842 / female_rate=0.897,05/29/2023,06/04/2023,06/12/2023,06/18/2023,05/26/2023,07/08/2023,273,273,607,245,444,230,"05/29/2023, 05/30/2023, 05/31/2023, 06/01/2023, 06/02/2023, 06/03/2023, 06/04/2023","06/12/2023, 06/13/2023, 06/14/2023, 06/15/2023, 06/16/2023, 06/17/2023, 06/18/2023",05/27/2023,06/16/2023,05/29/2023,06/04/2023,06/08/2023,06/26/2023,06/12/2023,06/18/2023,06/23/2023,8,175,0.561,Yes,06/16/2023,06/23/2023,312,381,175,"06/17/2023, 06/18/2023, 06/19/2023, 06/20/2023, 06/21/2023, 06/22/2023, 06/23/2023",High offspring acoustic activity,0.5,Stable female denominator
48437,Central Sacramento Valley,2023 Plumas Arboga 8 - North Regional Pond,2023 Plumas Arboga 8,,4/21/2023,7/8/2023,Sequential,,2023 Plumas Arboga 8 p1,Partially Abandoned,Himalayan blackberry,4000,4000,inf,4/24/2023,5/6/2023,5/15/2023,5/24/2023,ND,5/6/2023,151,OK,,7,180,0.659,7,76,0.278,0.422,OK,ARI=0.422 from nestling_rate=0.278 / female_rate=0.659,04/27/2023,05/03/2023,05/11/2023,05/17/2023,04/21/2023,07/08/2023,273,273,680,180,613,76,"04/27/2023, 04/28/2023, 04/29/2023, 04/30/2023, 05/01/2023, 05/02/2023, 05/03/2023","05/11/2023, 05/12/2023, 05/13/2023, 05/14/2023, 05/15/2023, 05/16/2023, 05/17/2023",04/25/2023,06/21/2023,04/27/2023,05/03/2023,05/08/2023,07/06/2023,05/11/2023,05/17/2023,05/22/2023,8,9,0.029,Yes,05/15/2023,05/22/2023,312,399,9,"05/15/2023, 05/17/2023, 05/20/2023, 05/22/2023",Reduced offspring acoustic activity,0.5,Stable female denominator
48437,Central Sacramento Valley,2023 Plumas Arboga 8 - North Regional Pond,2023 Plumas Arboga 8,,4/21/2023,7/8/2023,Sequential,,2023 Plumas Arboga 8 p2,Successful,Himalayan blackberry,4000,4000,5/27/2023,6/3/2023,6/15/2023,6/22/2023,ND,ND,ND,151,OK,,7,160,0.586,7,242,0.886,1.512,OK,ARI=1.512 from nestling_rate=0.886 / female_rate=0.586,06/06/2023,06/12/2023,06/20/2023,06/26/2023,04/21/2023,07/08/2023,273,273,680,160,613,242,"06/06/2023, 06/07/2023, 06/08/2023, 06/09/2023, 06/10/2023, 06/11/2023, 06/12/2023","06/20/2023, 06/21/2023, 06/22/2023, 06/23/2023, 06/24/2023, 06/25/2023, 06/26/2023",04/25/2023,06/21/2023,06/06/2023,06/12/2023,05/08/2023,07/06/2023,06/20/2023,06/26/2023,07/01/2023,8,121,0.388,Yes,06/24/2023,07/01/2023,312,399,121,"06/24/2023, 06/25/2023, 06/26/2023, 06/27/2023, 06/28/2023, 06/29/2023, 06/30/2023, 07/01/2023",High offspring acoustic activity,0.5,Stable female denominator
48765,Rancho Jamul,2023 Rancho Jamul Site 1 fix lat lon,2023 Rancho Jamul - Site 1,,3/27/2023,8/3/2023,Sequential,,2023 Rancho Jamul - Site 1 p2,Successful,NEED,NEED,NEED,5/26/2023,~6/4/2023,6/16/2023,7/2/2023,7/14/2023,ND,ND,153,OK,,7,10,0.037,7,5,0.018,0.486,OK,ARI=0.486 from nestling_rate=0.018 / female_rate=0.037,06/07/2023,06/13/2023,06/21/2023,06/27/2023,03/07/2023,08/03/2023,273,273,39,10,44,5,"06/08/2023, 06/10/2023, 06/11/2023, 06/12/2023, 06/13/2023","06/21/2023, 06/24/2023, 06/27/2023",04/02/2023,06/20/2023,06/08/2023,06/13/2023,04/24/2023,07/11/2023,06/21/2023,06/27/2023,ND,8,0,0.0,No,06/25/2023,07/02/2023,312,24,0,,Reduced offspring acoustic activity,0.5,Moderate female denominator
48439,San Jacinto Wildlife Area,2023 West of Davis,2023 San Jacinto Wildlife Area West of Davis Road,,5/6/2023,6/29/2023,Sequential,,2023 San Jacinto Wildlife Area West of Davis Road p2,Successful,Cattails,1000,1000,inf,5/10/2023,5/22/2023,6/2/2023,6/6/2023,ND,ND,155,OK,,7,43,0.158,7,103,0.377,2.386,OK,ARI=2.386 from nestling_rate=0.377 / female_rate=0.158,05/13/2023,05/19/2023,05/27/2023,06/02/2023,05/06/2023,06/29/2023,273,273,82,43,150,103,"05/13/2023, 05/14/2023, 05/15/2023, 05/16/2023, 05/17/2023, 05/18/2023, 05/19/2023","05/27/2023, 05/28/2023, 05/29/2023, 05/30/2023, 05/31/2023, 06/01/2023, 06/02/2023",05/10/2023,05/26/2023,05/13/2023,05/19/2023,05/23/2023,06/05/2023,05/27/2023,06/02/2023,06/05/2023,8,60,0.192,Yes,05/31/2023,06/07/2023,312,208,60,"05/31/2023, 06/01/2023, 06/02/2023, 06/03/2023, 06/04/2023, 06/05/2023",High offspring acoustic activity,0.5,Stable female denominator
48464,Merced and San Luis NWR,2023 San Luis NWR - West Bank Creek,2023 San Luis NWR - Fiddleneck Lake,,5/26/2023,7/12/2023,Simple,,2023 San Luis NWR - Fiddleneck Lake p1,Partially Abandoned,"Milk thistle, mustard",500,500,inf,6/3/2023,6/15/2023,~6/24/2023,~7/5/2023,ND,6/5/2023,156,OK,,7,55,0.201,7,15,0.055,0.274,OK,ARI=0.274 from nestling_rate=0.055 / female_rate=0.201,06/06/2023,06/12/2023,06/20/2023,06/26/2023,03/07/2023,07/12/2023,273,273,180,55,18,15,"06/06/2023, 06/07/2023, 06/08/2023, 06/09/2023, 06/10/2023, 06/11/2023, 06/12/2023","06/21/2023, 06/22/2023, 06/23/2023, 06/24/2023, 06/25/2023",05/28/2023,06/15/2023,06/06/2023,06/12/2023,06/18/2023,06/25/2023,06/21/2023,06/25/2023,06/29/2023,8,4,0.013,Yes,06/24/2023,07/01/2023,312,14,4,"06/24/2023, 06/29/2023",Reduced offspring acoustic activity,0.5,Stable female denominator
48447,Merced and San Luis NWR,2023 San Luis Bear Creek,2023 San Luis NWR - Tanager Slough,,6/16/2023,7/24/2023,Simple,,2023 San Luis NWR - Tanager Slough p1,Partially Abandoned,Willows,200-900,550,inf,6/23/2023,7/5/2023,7/15/2023,7/18/2023,ND,6/20/2023,157,REVIEW,p1abandon is before p1incstart.,7,199,0.729,7,113,0.414,0.568,OK,ARI=0.568 from nestling_rate=0.414 / female_rate=0.729,06/26/2023,07/02/2023,07/10/2023,07/16/2023,06/16/2023,07/24/2023,273,273,472,199,156,113,"06/26/2023, 06/27/2023, 06/28/2023, 06/29/2023, 06/30/2023, 07/01/2023, 07/02/2023","07/10/2023, 07/11/2023, 07/12/2023, 07/13/2023, 07/14/2023, 07/15/2023, 07/16/2023",06/19/2023,07/14/2023,06/26/2023,07/02/2023,07/06/2023,07/18/2023,07/10/2023,07/16/2023,07/19/2023,8,14,0.045,Yes,07/14/2023,07/21/2023,312,42,14,"07/14/2023, 07/15/2023, 07/16/2023, 07/17/2023, 07/19/2023",High offspring acoustic activity,0.5,Stable female denominator
48393,Washington,2023 WA McCain Wetlands,2023 Washington State - McCain Wetlands,,4/10/2023,8/7/2023,Simple,,2023 Washington State - McCain Wetlands p1,Partially Abandoned,"Cattails, common reed",200,200,missed,~4/28/2023,5/10/2023,5/24/2023,6/3/2023,ND,5/21/2023,162,OK,,7,81,0.297,7,30,0.11,0.37,OK,ARI=0.37 from nestling_rate=0.11 / female_rate=0.297,05/01/2023,05/07/2023,05/15/2023,05/21/2023,03/07/2023,08/07/2023,273,273,206,81,33,30,"05/01/2023, 05/02/2023, 05/03/2023, 05/04/2023, 05/05/2023, 05/06/2023, 05/07/2023","05/15/2023, 05/16/2023, 05/17/2023, 05/18/2023, 05/19/2023, 05/20/2023",04/24/2023,05/24/2023,05/01/2023,05/07/2023,05/15/2023,05/25/2023,05/15/2023,05/20/2023,05/26/2023,8,10,0.032,Yes,05/19/2023,05/26/2023,312,21,10,"05/23/2023, 05/24/2023, 05/25/2023, 05/26/2023",Reduced offspring acoustic activity,0.5,Stable female denominator
65447,Baja,2024 Baja Rancho Cinega Redonda 2,2024 Baja Ciénega Redonda South,,4/23/2024,8/1/2024,Sequential,,2024 Baja Ciénega Redonda South p1,Successful,Cattails,100,100,inf,4/17/2024,4/29/2024,5/10/2024,6/4/2024,ND,ND,166,OK,,7,69,0.469,7,209,0.766,1.633,OK,ARI=1.633 from nestling_rate=0.766 / female_rate=0.469,04/20/2024,04/26/2024,05/04/2024,05/10/2024,03/15/2024,08/01/2024,147,273,329,69,843,209,"04/23/2024, 04/24/2024, 04/25/2024, 04/26/2024","05/04/2024, 05/05/2024, 05/06/2024, 05/07/2024, 05/08/2024, 05/09/2024, 05/10/2024",04/23/2024,07/07/2024,04/23/2024,04/26/2024,04/29/2024,07/19/2024,05/04/2024,05/10/2024,05/15/2024,8,169,0.542,Yes,05/08/2024,05/15/2024,312,623,169,"05/08/2024, 05/10/2024, 05/11/2024, 05/12/2024, 05/13/2024, 05/14/2024, 05/15/2024",High offspring acoustic activity,0.5,Stable female denominator
65447,Baja,2024 Baja Rancho Cinega Redonda 2,2024 Baja Ciénega Redonda South,,4/23/2024,8/1/2024,Sequential,,2024 Baja Ciénega Redonda South p2,Successful,Cattails,100,100,5/12/2024,5/23/2024,6/4/2024,6/12/2024,6/30/2024,ND,ND,166,OK,,7,69,0.253,7,208,0.762,3.012,OK,ARI=3.012 from nestling_rate=0.762 / female_rate=0.253,05/26/2024,06/01/2024,06/09/2024,06/15/2024,03/15/2024,08/01/2024,273,273,329,69,843,208,"05/26/2024, 05/27/2024, 05/28/2024, 05/29/2024, 05/30/2024, 05/31/2024, 06/01/2024","06/09/2024, 06/10/2024, 06/11/2024, 06/12/2024, 06/13/2024, 06/14/2024, 06/15/2024",04/23/2024,07/07/2024,05/26/2024,06/01/2024,04/29/2024,07/19/2024,06/09/2024,06/15/2024,06/20/2024,8,38,0.122,Yes,06/13/2024,06/20/2024,312,623,38,"06/13/2024, 06/14/2024, 06/15/2024, 06/16/2024, 06/17/2024, 06/18/2024, 06/19/2024, 06/20/2024",High offspring acoustic activity,0.5,Stable female denominator
65453,Sacramento National Wildlife Refuge Complex,2024 Colusa NWR T27.1,2024 Colusa NWR T27-1&2,,4/24/2024,9/3/2024,Simple,,2024 Colusa NWR T27-1&2 p1,Partially Abandoned,"Bulrush, cattails",17500,17500,5/25/2024,6/1/2024,6/13/2024,ND,ND,ND,6/19/2024,168,OK,,7,130,0.476,7,6,0.022,0.046,OK,ARI=0.046 from nestling_rate=0.022 / female_rate=0.476,06/04/2024,06/10/2024,06/18/2024,06/24/2024,03/15/2024,09/03/2024,273,273,261,130,28,6,"06/04/2024, 06/05/2024, 06/06/2024, 06/07/2024, 06/08/2024, 06/09/2024, 06/10/2024","06/18/2024, 06/20/2024, 06/21/2024",05/30/2024,06/12/2024,06/04/2024,06/10/2024,06/14/2024,06/28/2024,06/18/2024,06/21/2024,06/27/2024,8,1,0.003,Yes,06/22/2024,06/29/2024,312,3,1,06/27/2024,Reduced offspring acoustic activity,0.5,Stable female denominator
63115,CNLM,2024 Dublin Ranch Preserve - Lin Livermore Conservation Area,2024 Dagnino Pond,,5/21/2024,8/15/2024,Simple,,2024 Dagnino Pond p1,Successful,"Bulrush, cattails, Mustard",400,400,inf,5/19/2024,5/31/2024,6/9/2024,6/24/2024,ND,ND,170,OK,,7,3,0.011,7,14,0.051,4.636,OK,ARI=4.636 from nestling_rate=0.051 / female_rate=0.011,05/22/2024,05/28/2024,06/05/2024,06/11/2024,05/21/2024,08/15/2024,273,273,12,3,36,14,"05/22/2024, 05/23/2024","06/05/2024, 06/06/2024, 06/07/2024, 06/08/2024, 06/09/2024, 06/10/2024, 06/11/2024",05/21/2024,05/23/2024,05/22/2024,05/23/2024,05/25/2024,06/21/2024,06/05/2024,06/11/2024,06/16/2024,8,28,0.09,Yes,06/09/2024,06/16/2024,312,175,28,"06/09/2024, 06/10/2024, 06/11/2024, 06/12/2024, 06/13/2024, 06/14/2024, 06/15/2024, 06/16/2024",High offspring acoustic activity,0.5,Low female denominator
63044,Los Vaqueros,2024 Los Vaqueros Reservoir,2024 Los Vaqueros Playa,,3/15/2024,6/24/2024,Sequential,,2024 Los Vaqueros Playa p1,Partially Abandoned,Himalayan blackberry,500,500,inf,4/23/2024,5/5/2024,~5/19/2024,ND,ND,4/26/2024,173,OK,,7,7,0.026,7,0,0.0,0.0,OK,ARI=0.0 from nestling_rate=0.0 / female_rate=0.026,04/26/2024,05/02/2024,05/10/2024,05/16/2024,03/15/2024,06/24/2024,273,273,710,7,195,0,"04/26/2024, 04/27/2024, 04/29/2024, 05/01/2024",,04/15/2024,06/17/2024,04/26/2024,05/01/2024,06/11/2024,06/21/2024,ND,ND,05/19/2024,8,3,0.01,Yes,05/14/2024,05/21/2024,312,56,3,05/19/2024,Reduced offspring acoustic activity,0.5,Moderate female denominator
63044,Los Vaqueros,2024 Los Vaqueros Reservoir,2024 Los Vaqueros Playa,,3/15/2024,6/24/2024,Sequential,,2024 Los Vaqueros Playa p2,Successful,Himalayan blackberry,500,500,5/17/2024,~5/27/2024,6/8/2024,6/20/2024,ND,ND,ND,173,OK,,7,240,0.879,7,150,0.568,0.646,OK,ARI=0.646 from nestling_rate=0.568 / female_rate=0.879,05/30/2024,06/05/2024,06/13/2024,06/19/2024,03/15/2024,06/24/2024,273,264,710,240,195,150,"05/30/2024, 05/31/2024, 06/01/2024, 06/02/2024, 06/03/2024, 06/04/2024, 06/05/2024","06/13/2024, 06/14/2024, 06/15/2024, 06/16/2024, 06/17/2024, 06/18/2024, 06/19/2024",04/15/2024,06/17/2024,05/30/2024,06/05/2024,06/11/2024,06/21/2024,06/13/2024,06/19/2024,06/23/2024,8,30,0.114,Yes,06/17/2024,06/24/2024,264,56,30,"06/18/2024, 06/20/2024, 06/21/2024, 06/22/2024, 06/23/2024",High offspring acoustic activity,0.5,Stable female denominator
65471,CNLM,2024 Panoche Creek Preserve - Dollar Marsh East,2024 Panoche Creek Marsh East,,4/15/2024,8/1/2024,Simple,,2024 Panoche Creek Marsh East p1,Successful,"Cattails, bulrush",1000-1500,1250,inf,4/17/2024,4/29/2024,5/9/2024,5/31/2024,ND,ND,182,OK,,7,181,0.663,7,207,0.758,1.143,OK,ARI=1.143 from nestling_rate=0.758 / female_rate=0.663,04/20/2024,04/26/2024,05/04/2024,05/10/2024,03/15/2024,08/01/2024,273,273,589,181,594,207,"04/20/2024, 04/21/2024, 04/22/2024, 04/23/2024, 04/24/2024, 04/25/2024, 04/26/2024","05/04/2024, 05/05/2024, 05/06/2024, 05/07/2024, 05/08/2024, 05/09/2024, 05/10/2024",04/16/2024,06/09/2024,04/20/2024,04/26/2024,05/02/2024,06/11/2024,05/04/2024,05/10/2024,05/15/2024,8,88,0.282,Yes,05/08/2024,05/15/2024,312,697,88,"05/09/2024, 05/10/2024, 05/11/2024, 05/12/2024, 05/13/2024, 05/14/2024, 05/15/2024",High offspring acoustic activity,0.5,Stable female denominator
65471,CNLM,2024 Panoche Creek Preserve - Dollar Marsh East,2024 Panoche Creek Marsh East,,4/15/2024,8/1/2024,Simple,,2024 Panoche Creek Marsh East p2,REVIEW_MISSING_OUTCOME,"Cattails, bulrush",1000-1500,1250,ND,~5/23/2024,6/4/2024,ND,~6/16/2024,ND,ND,182,REVIEW,p2 has exported pulse date fields but p2Outcome is blank or n/a.; p2Outcome has an unexpected outcome value.,7,3,0.011,7,8,0.029,2.636,OK,ARI=2.636 from nestling_rate=0.029 / female_rate=0.011,05/26/2024,06/01/2024,06/09/2024,06/15/2024,03/15/2024,08/01/2024,273,273,589,3,594,8,"05/29/2024, 05/30/2024","06/10/2024, 06/11/2024",04/16/2024,06/09/2024,05/29/2024,05/30/2024,05/02/2024,06/11/2024,06/10/2024,06/11/2024,06/17/2024,8,6,0.019,Yes,06/13/2024,06/20/2024,312,697,6,"06/14/2024, 06/15/2024, 06/16/2024, 06/17/2024",High offspring acoustic activity,0.5,Low female denominator
65469,CNLM,2024 Panoche Creek Preserve - Dollar Marsh South,2024 Panoche Creek Marsh South,,4/16/2024,8/1/2024,Simple,,2024 Panoche Creek Marsh South p1,Successful,"Cattails, bulrush",100-500,300,inf,4/19/2024,5/1/2024,5/18/2024,6/3/2024,ND,ND,183,OK,,7,202,0.74,7,168,0.615,0.831,OK,ARI=0.831 from nestling_rate=0.615 / female_rate=0.74,04/22/2024,04/28/2024,05/06/2024,05/12/2024,03/15/2024,08/01/2024,273,273,565,202,446,168,"04/22/2024, 04/23/2024, 04/24/2024, 04/25/2024, 04/26/2024, 04/27/2024, 04/28/2024","05/06/2024, 05/07/2024, 05/08/2024, 05/09/2024, 05/10/2024, 05/11/2024, 05/12/2024",04/16/2024,05/11/2024,04/22/2024,04/28/2024,05/04/2024,06/01/2024,05/06/2024,05/12/2024,ND,8,0,0.0,No,05/10/2024,05/17/2024,312,113,0,,High offspring acoustic activity,0.5,Stable female denominator
65470,CNLM,2024 Panoche Creek Preserve - Dollar Marsh West,2024 Panoche Creek Marsh West,,4/15/2024,8/1/2024,Simple,,2024 Panoche Creek Marsh West p1,Successful,"Cattails, bulrush",100-500,300,inf,4/23/2024,5/5/2024,5/14/2024,5/27/2024,ND,ND,184,OK,,7,187,0.685,7,198,0.725,1.058,OK,ARI=1.058 from nestling_rate=0.725 / female_rate=0.685,04/26/2024,05/02/2024,05/10/2024,05/16/2024,03/15/2024,08/01/2024,273,273,495,187,446,198,"04/26/2024, 04/27/2024, 04/28/2024, 04/29/2024, 04/30/2024, 05/01/2024, 05/02/2024","05/10/2024, 05/11/2024, 05/12/2024, 05/13/2024, 05/14/2024, 05/15/2024, 05/16/2024",04/16/2024,05/17/2024,04/26/2024,05/02/2024,05/06/2024,06/05/2024,05/10/2024,05/16/2024,05/21/2024,8,97,0.311,Yes,05/14/2024,05/21/2024,312,173,97,"05/14/2024, 05/15/2024, 05/16/2024, 05/17/2024, 05/18/2024, 05/19/2024, 05/20/2024, 05/21/2024",High offspring acoustic activity,0.5,Stable female denominator
63116,Washington,2024 WA Harder Spring,2024 Washington State - Harder Spring,,3/25/2024,8/3/2024,Sequential,,2024 Washington State - Harder Spring p1,Successful,"Bulrush, cattails, common reed",100,100,missed,5/26/2024,6/7/2024,6/25/2024,7/4/2024,ND,ND,191,OK,,7,7,0.026,7,0,0.0,0.0,OK,ARI=0.0 from nestling_rate=0.0 / female_rate=0.026,05/29/2024,06/04/2024,06/12/2024,06/18/2024,03/25/2024,08/03/2024,273,273,33,7,64,0,"05/30/2024, 06/01/2024, 06/03/2024",,05/08/2024,07/18/2024,05/30/2024,06/03/2024,06/10/2024,08/02/2024,ND,ND,06/22/2024,8,1,0.003,Yes,06/16/2024,06/23/2024,312,133,1,06/22/2024,Reduced offspring acoustic activity,0.5,Moderate female denominator
63116,Washington,2024 WA Harder Spring,2024 Washington State - Harder Spring,,3/25/2024,8/3/2024,Sequential,,2024 Washington State - Harder Spring p2,Successful,"Bulrush, cattails, common reed",100,100,missed,7/6/2024,7/18/2024,7/27/2024,ND,ND,ND,191,OK,,7,6,0.022,7,19,0.07,3.182,OK,ARI=3.182 from nestling_rate=0.07 / female_rate=0.022,07/09/2024,07/15/2024,07/23/2024,07/29/2024,03/25/2024,08/03/2024,273,273,33,6,64,19,"07/09/2024, 07/10/2024, 07/11/2024, 07/14/2024","07/23/2024, 07/24/2024, 07/26/2024, 07/28/2024, 07/29/2024",05/08/2024,07/18/2024,07/09/2024,07/14/2024,06/10/2024,08/02/2024,07/23/2024,07/29/2024,08/03/2024,8,71,0.228,Yes,07/27/2024,08/03/2024,312,133,71,"07/27/2024, 07/28/2024, 07/29/2024, 07/30/2024, 07/31/2024, 08/01/2024, 08/02/2024, 08/03/2024",High offspring acoustic activity,0.5,Moderate female denominator
63465,Washington,2024 WA McCain Pond,2024 Washington State - McCain Wetlands,,3/29/2024,8/9/2024,Simple,,2024 Washington State - McCain Wetlands p1,Partially Abandoned,"Cattails, common reed",600,600,missed,~4/20/2024,5/2/2024,~5/15/2024,~6/3/2024,ND,5/15/2024,192,OK,,7,13,0.048,7,6,0.022,0.458,OK,ARI=0.458 from nestling_rate=0.022 / female_rate=0.048,04/23/2024,04/29/2024,05/07/2024,05/13/2024,03/29/2024,08/09/2024,273,273,98,13,19,6,"04/24/2024, 04/25/2024, 04/26/2024, 04/27/2024","05/10/2024, 05/11/2024, 05/12/2024",04/20/2024,05/23/2024,04/24/2024,04/27/2024,05/10/2024,05/29/2024,05/10/2024,05/12/2024,05/15/2024,8,1,0.003,Yes,05/11/2024,05/18/2024,312,33,1,05/15/2024,Reduced offspring acoustic activity,0.5,Moderate female denominator
