Site ID,Site_Name,Pulse Name,Outcome,Calculated_Outcome,Breeding Type,Hatch_Date,Earliest_Rec,Incubation_Days,Female_Detection_Recordings,Avg_Female_Calls_Per_Rec,Latest_Rec,Nestling_Days,Nestling_Detection_Recordings,Avg_Nestling_Calls_Per_Rec,ARI,Latest_Fledgling_Rec,Fledgling_Days,Fledgling_Detection_Recordings,Avg_Fledgling_Calls_Day,Fledglings_Present,Substrate,Approx Colony Size,Comment,Group,Pretty Name,Deployment Start,Deployment End,Complex Types,Colony Size,mcstart,incstart,fledgestart,fledgedisp,abandon,partial abandon,Source Row,Review Status,Review Notes,ARI_Diagnostic,ARI_Window_Female_Start,ARI_Window_Female_End,ARI_Window_Nestling_Start,ARI_Window_Nestling_End,ARI_Recording_Start,ARI_Recording_Stop,ARI_Total_Female_Recordings,ARI_Total_Nestling_Recordings,ARI_Raw_Female_Detection_Rows,ARI_Window_Female_Detection_Rows,ARI_Raw_Nestling_Detection_Rows,ARI_Window_Nestling_Detection_Rows,ARI_Female_Detection_Dates_In_Window,ARI_Nestling_Detection_Dates_In_Window,ARI_Earliest_Raw_Female_Date,ARI_Latest_Raw_Female_Date,ARI_Earliest_Window_Female_Date,ARI_Latest_Window_Female_Date,ARI_Earliest_Raw_Nestling_Date,ARI_Latest_Raw_Nestling_Date,ARI_Earliest_Window_Nestling_Date,ARI_Latest_Window_Nestling_Date,Fledgling_Window_Start,Fledgling_Window_End,Fledgling_Total_Recordings,Fledgling_Raw_Detection_Rows,Fledgling_Window_Detection_Rows,Fledgling_Detection_Dates_In_Window,ARI_Cutoff,ARI_Margin_To_Cutoff,Outcome_Mismatch,Outcome_Mismatch_Type,Outcome_Diagnostic
2059,2017 Rush Ranch,2017 Rush Ranch p1,Abandoned,Abandoned,Sequential,4/29/2017,04/21/2017,10,7,0.018,ND,10,0,0.0,0.0,ND,5,0,0.0,No,"Bulrush, cattails",800,,Solano County,2017 Rush Ranch,3/2/2017,7/24/2017,,800,~3/7/2017,~4/17/2017,ND,ND,5/3/2017,ND,4,OK,,ARI=0.0 from nestling_rate=0.0 / female_rate=0.018,04/19/2017,04/28/2017,05/01/2017,05/10/2017,03/02/2017,07/24/2017,390,390,577,7,280,0,"04/21/2017, 04/22/2017",,04/04/2017,07/01/2017,04/21/2017,04/22/2017,05/31/2017,07/06/2017,ND,ND,05/10/2017,05/14/2017,195,183,0,,0.752,-0.752,False,,
2059,2017 Rush Ranch,2017 Rush Ranch p2,Successful,Successful,Sequential,5/30/2017,05/20/2017,10,154,0.395,06/10/2017,10,160,0.468,1.185,06/14/2017,5,17,0.087,Yes,"Bulrush, cattails",800,,Solano County,2017 Rush Ranch,3/2/2017,7/24/2017,,800,5/8/2017,5/18/2017,6/12/2017,6/22/2017,ND,ND,4,OK,,ARI=1.185 from nestling_rate=0.468 / female_rate=0.395,05/20/2017,05/29/2017,06/01/2017,06/10/2017,03/02/2017,07/24/2017,390,342,577,154,280,160,"05/20/2017, 05/22/2017, 05/23/2017, 05/24/2017, 05/25/2017, 05/26/2017, 05/27/2017, 05/29/2017","06/01/2017, 06/02/2017, 06/03/2017, 06/05/2017, 06/06/2017, 06/07/2017, 06/08/2017, 06/09/2017, 06/10/2017",04/04/2017,07/01/2017,05/20/2017,05/29/2017,05/31/2017,07/06/2017,06/01/2017,06/10/2017,06/10/2017,06/14/2017,195,183,17,"06/10/2017, 06/12/2017, 06/13/2017, 06/14/2017",0.752,0.433,False,,
2059,2017 Rush Ranch,2017 Rush Ranch p3,Successful,Partially Abandoned,Sequential,6/29/2017,06/19/2017,10,131,0.336,07/06/2017,10,17,0.067,0.199,07/13/2017,5,2,0.01,Yes,"Bulrush, cattails",800,,Solano County,2017 Rush Ranch,3/2/2017,7/24/2017,,800,6/2/2017,6/17/2017,ND,ND,ND,ND,4,OK,,ARI=0.199 from nestling_rate=0.067 / female_rate=0.336,06/19/2017,06/28/2017,07/01/2017,07/10/2017,03/02/2017,07/24/2017,390,255,577,131,280,17,"06/19/2017, 06/20/2017, 06/21/2017, 06/22/2017, 06/23/2017, 06/24/2017, 06/25/2017, 06/26/2017, 06/27/2017, 06/28/2017","07/01/2017, 07/03/2017, 07/04/2017, 07/05/2017, 07/06/2017",04/04/2017,07/01/2017,06/19/2017,06/28/2017,05/31/2017,07/06/2017,07/01/2017,07/06/2017,07/10/2017,07/14/2017,195,183,2,"07/12/2017, 07/13/2017",0.752,-0.553,True,Successful -> Partially Abandoned,"Human Successful but ARI below cutoff; inspect NBC detections, female denominator, fledgling detections, and whether ARI cutoff is biologically appropriate"
2719,2018 Rush Ranch,2018 Rush Ranch p1,Successful,Successful,Simple,5/26/2018,05/16/2018,10,43,0.055,06/03/2018,10,21,0.049,0.891,ND,5,0,0.0,No,"Bulrush, cattails",2000,,Solano County,2018 Rush Ranch,2/9/2018,6/26/2018,,2000,missed,5/14/2018,6/11/2018,6/23/2018,ND,ND,9,OK,,ARI=0.891 from nestling_rate=0.049 / female_rate=0.055,05/16/2018,05/25/2018,05/28/2018,06/06/2018,02/09/2018,06/26/2018,780,429,73,43,129,21,"05/16/2018, 05/17/2018, 05/18/2018, 05/20/2018","05/29/2018, 05/30/2018, 05/31/2018, 06/01/2018, 06/02/2018, 06/03/2018",03/24/2018,06/02/2018,05/16/2018,05/20/2018,05/25/2018,06/22/2018,05/29/2018,06/03/2018,06/06/2018,06/10/2018,194,115,0,,0.752,0.139,False,,
5643,2019 Colusa NWR 27-2,2019 Colusa NWR T27-2S p1,Partially Abandoned,Partially Abandoned,Simple,5/29/2019,05/21/2019,8,27,0.098,06/03/2019,10,2,0.006,0.061,ND,5,0,0.0,No,"Bulrush, cattails",200,,Sacramento National Wildlife Refuge Complex,2019 Colusa NWR T27-2S,5/21/2019,6/18/2019,,200,inf,5/17/2019,~6/14/2019,~6/15/2019,ND,5/26/2019,16,OK,,ARI=0.061 from nestling_rate=0.006 / female_rate=0.098,05/21/2019,05/28/2019,05/31/2019,06/09/2019,05/21/2019,06/18/2019,275,357,27,27,5,2,"05/21/2019, 05/22/2019, 05/23/2019, 05/24/2019, 05/25/2019, 05/26/2019, 05/27/2019, 05/28/2019",06/03/2019,05/21/2019,05/28/2019,05/21/2019,05/28/2019,05/29/2019,06/03/2019,06/03/2019,06/03/2019,06/09/2019,06/13/2019,183,1,0,,0.752,-0.691,False,,
4455,2019 Creed Road,2019 Denverton Creek p1,Successful,Partially Abandoned,Sequential,5/10/2019,04/30/2019,10,64,0.156,05/21/2019,10,41,0.1,0.641,05/25/2019,5,54,0.263,Yes,Himalayan blackberry,1000,,Solano County,2019 Denverton Creek,3/17/2019,7/7/2019,,1000,3/23/2019,4/28/2019,5/23/2019,6/1/2019,ND,ND,17,OK,,ARI=0.641 from nestling_rate=0.1 / female_rate=0.156,04/30/2019,05/09/2019,05/12/2019,05/21/2019,03/17/2019,07/07/2019,410,410,287,64,60,41,"04/30/2019, 05/01/2019, 05/02/2019, 05/03/2019, 05/04/2019, 05/06/2019, 05/07/2019, 05/08/2019, 05/09/2019","05/13/2019, 05/14/2019, 05/17/2019, 05/18/2019, 05/19/2019, 05/20/2019, 05/21/2019",04/16/2019,05/29/2019,04/30/2019,05/09/2019,05/10/2019,05/27/2019,05/13/2019,05/21/2019,05/21/2019,05/25/2019,205,129,54,"05/23/2019, 05/24/2019, 05/25/2019",0.752,-0.111,True,Successful -> Partially Abandoned,"Human Successful but ARI below cutoff; inspect NBC detections, female denominator, fledgling detections, and whether ARI cutoff is biologically appropriate"
4455,2019 Creed Road,2019 Denverton Creek p2,Abandoned,Abandoned,Sequential,6/4/2019,05/25/2019,10,11,0.027,ND,10,0,0.0,0.0,ND,5,0,0.0,No,Himalayan blackberry,1000,,Solano County,2019 Denverton Creek,3/17/2019,7/7/2019,,1000,5/13/2019,5/23/2019,ND,ND,5/31/2019,ND,17,OK,,ARI=0.0 from nestling_rate=0.0 / female_rate=0.027,05/25/2019,06/03/2019,06/06/2019,06/15/2019,03/17/2019,07/07/2019,408,410,287,11,60,0,"05/25/2019, 05/26/2019, 05/27/2019, 05/29/2019",,04/16/2019,05/29/2019,05/25/2019,05/29/2019,05/10/2019,05/27/2019,ND,ND,06/15/2019,06/19/2019,205,129,0,,0.752,-0.752,False,,
4456,2019 Hay Landfill,2019 Hay Landfill p1,Successful,Partially Abandoned,Sequential,4/27/2019,04/17/2019,10,121,0.295,05/08/2019,10,62,0.151,0.512,05/12/2019,5,8,0.039,Yes,"Bulrush, cattails",4000,,Solano County,2019 Hay Landfill,4/8/2019,7/7/2019,,4000,inf,4/15/2019,5/11/2019,5/30/2019,ND,ND,18,OK,,ARI=0.512 from nestling_rate=0.151 / female_rate=0.295,04/17/2019,04/26/2019,04/29/2019,05/08/2019,04/08/2019,07/07/2019,410,410,227,121,113,62,"04/17/2019, 04/18/2019, 04/19/2019, 04/20/2019, 04/21/2019, 04/22/2019, 04/23/2019, 04/24/2019, 04/25/2019, 04/26/2019","05/01/2019, 05/02/2019, 05/03/2019, 05/04/2019, 05/05/2019, 05/06/2019, 05/07/2019, 05/08/2019",04/12/2019,06/12/2019,04/17/2019,04/26/2019,05/01/2019,06/29/2019,05/01/2019,05/08/2019,05/08/2019,05/12/2019,205,300,8,"05/08/2019, 05/11/2019, 05/12/2019",0.752,-0.24,True,Successful -> Partially Abandoned,"Human Successful but ARI below cutoff; inspect NBC detections, female denominator, fledgling detections, and whether ARI cutoff is biologically appropriate"
4456,2019 Hay Landfill,2019 Hay Landfill p2,Partially Abandoned,Partially Abandoned,Sequential,6/9/2019,05/30/2019,10,59,0.144,06/18/2019,10,8,0.02,0.139,06/24/2019,5,8,0.039,Yes,"Bulrush, cattails",4000,,Solano County,2019 Hay Landfill,4/8/2019,7/7/2019,,4000,5/20/2019,5/28/2019,6/23/2019,7/3/2019,ND,6/13/2019,18,OK,,ARI=0.139 from nestling_rate=0.02 / female_rate=0.144,05/30/2019,06/08/2019,06/11/2019,06/20/2019,04/08/2019,07/07/2019,409,410,227,59,113,8,"05/30/2019, 05/31/2019, 06/01/2019, 06/02/2019, 06/03/2019, 06/04/2019, 06/05/2019, 06/06/2019, 06/07/2019","06/11/2019, 06/12/2019, 06/18/2019",04/12/2019,06/12/2019,05/30/2019,06/07/2019,05/01/2019,06/29/2019,06/11/2019,06/18/2019,06/20/2019,06/24/2019,205,300,8,"06/22/2019, 06/23/2019, 06/24/2019",0.752,-0.613,False,,
5637,2019 Markham Ravine,2019 Markham Ravine p1,Partially Abandoned,Partially Abandoned,Simple,5/28/2019,05/18/2019,10,224,0.574,06/08/2019,10,64,0.164,0.286,06/12/2019,5,1,0.005,Yes,"Himalayan blackberry, willow",1500,,Markham Ravine,2019 Markham Ravine,5/10/2019,7/8/2019,,1500,inf,5/16/2019,6/16/2019,6/20/2019,ND,5/28/2019,24,OK,,ARI=0.286 from nestling_rate=0.164 / female_rate=0.574,05/18/2019,05/27/2019,05/30/2019,06/08/2019,05/10/2019,07/08/2019,390,390,438,224,133,64,"05/18/2019, 05/19/2019, 05/20/2019, 05/21/2019, 05/22/2019, 05/23/2019, 05/24/2019, 05/25/2019, 05/26/2019, 05/27/2019","05/30/2019, 05/31/2019, 06/01/2019, 06/02/2019, 06/03/2019, 06/04/2019, 06/05/2019, 06/06/2019, 06/07/2019, 06/08/2019",05/11/2019,06/03/2019,05/18/2019,05/27/2019,05/29/2019,06/16/2019,05/30/2019,06/08/2019,06/08/2019,06/12/2019,195,50,1,06/12/2019,0.752,-0.466,False,,
5640,2019 Markham Ravine 2,2019 Markham Ravine 2 p1,Partially Abandoned,Partially Abandoned,Simple,5/31/2019,05/21/2019,10,154,0.395,06/10/2019,10,35,0.09,0.228,06/11/2019,5,2,0.01,Yes,"Himalayan blackberry, willow",10000,,Markham Ravine,2019 Markham Ravine 2,5/10/2019,7/8/2019,,10000,inf,5/19/2019,~6/9/2019,~6/21/2019,ND,5/24/2019,26,OK,,ARI=0.228 from nestling_rate=0.09 / female_rate=0.395,05/21/2019,05/30/2019,06/02/2019,06/11/2019,05/10/2019,07/08/2019,390,390,304,154,45,35,"05/21/2019, 05/22/2019, 05/23/2019, 05/24/2019, 05/25/2019, 05/26/2019, 05/27/2019, 05/28/2019, 05/29/2019, 05/30/2019","06/02/2019, 06/03/2019, 06/04/2019, 06/05/2019, 06/06/2019, 06/07/2019, 06/09/2019, 06/10/2019",05/16/2019,06/09/2019,05/21/2019,05/30/2019,05/31/2019,06/10/2019,06/02/2019,06/10/2019,06/11/2019,06/15/2019,195,12,2,06/11/2019,0.752,-0.524,False,,
57589,2020 Fort Ord,2020 Fort Ord p1,Successful,Successful,Simple,4/24/2020,04/16/2020,10,20,0.054,05/05/2020,10,79,0.214,3.963,05/09/2020,5,4,0.022,Yes,"Stinging nettle (Urtica spp.), Poison hemlock (Conium maculatum)",No Colony,,Monterey,2020 Fort Ord,4/8/2020,7/15/2020,,No Colony,inf,4/12/2020,5/9/2020,5/28/2020,ND,ND,36,OK,,ARI=3.963 from nestling_rate=0.214 / female_rate=0.054,04/14/2020,04/23/2020,04/26/2020,05/05/2020,03/23/2020,07/15/2020,370,370,57,20,170,79,"04/16/2020, 04/17/2020, 04/18/2020, 04/19/2020, 04/20/2020, 04/21/2020, 04/23/2020","04/28/2020, 04/29/2020, 04/30/2020, 05/01/2020, 05/02/2020, 05/03/2020, 05/04/2020, 05/05/2020",04/09/2020,05/03/2020,04/16/2020,04/23/2020,04/28/2020,05/15/2020,04/28/2020,05/05/2020,05/05/2020,05/09/2020,185,107,4,05/09/2020,0.752,3.211,False,,
6404,2020 Markham Ravine,2020 Markham Ravine p1,Partially Abandoned,Partially Abandoned,Simple,5/19/2020,05/09/2020,10,279,0.754,05/29/2020,10,48,0.13,0.172,06/03/2020,5,6,0.034,Yes,"Himalayan blackberry, willow",1000,,Markham Ravine,2020 Markham Ravine,4/28/2020,6/24/2020,,1000,inf,5/7/2020,~5/30/2020,6/8/2020,ND,5/18/2020,40,OK,,ARI=0.172 from nestling_rate=0.13 / female_rate=0.754,05/09/2020,05/18/2020,05/21/2020,05/30/2020,04/28/2020,06/24/2020,370,370,462,279,50,48,"05/09/2020, 05/10/2020, 05/11/2020, 05/12/2020, 05/13/2020, 05/14/2020, 05/15/2020, 05/16/2020, 05/17/2020, 05/18/2020","05/21/2020, 05/22/2020, 05/24/2020, 05/25/2020, 05/26/2020, 05/27/2020, 05/28/2020, 05/29/2020",05/05/2020,06/15/2020,05/09/2020,05/18/2020,05/20/2020,05/31/2020,05/21/2020,05/29/2020,05/30/2020,06/03/2020,175,18,6,"05/30/2020, 05/31/2020, 06/02/2020, 06/03/2020",0.752,-0.58,False,,
18572,2020 Ohlone - Santa Lucia Preserve,2020 Santa Lucia Preserve - Ohlone Pond p1,Successful,Successful,Simple,5/2/2020,04/22/2020,10,49,0.308,05/13/2020,10,54,0.338,1.097,05/17/2020,5,21,0.263,Yes,Bulrush (Schoenoplectus spp.),80,,Monterey,2020 Santa Lucia Preserve - Ohlone Pond,3/25/2020,7/18/2020,,80,missed,~4/20/2020,5/12/2020,6/15/2020,ND,ND,42,OK,,ARI=1.097 from nestling_rate=0.338 / female_rate=0.308,04/22/2020,05/01/2020,05/04/2020,05/13/2020,03/25/2020,07/18/2020,159,160,135,49,205,54,"04/22/2020, 04/23/2020, 04/24/2020, 04/25/2020, 04/26/2020, 04/27/2020, 04/28/2020, 04/29/2020, 04/30/2020, 05/01/2020","05/05/2020, 05/06/2020, 05/07/2020, 05/08/2020, 05/09/2020, 05/10/2020, 05/11/2020, 05/12/2020, 05/13/2020",04/02/2020,05/20/2020,04/22/2020,05/01/2020,05/05/2020,06/21/2020,05/05/2020,05/13/2020,05/13/2020,05/17/2020,80,153,21,"05/13/2020, 05/14/2020, 05/15/2020, 05/16/2020, 05/17/2020",0.752,0.345,False,,
24130,2021 Colusa NWR 27-1,2021 Colusa NWR T27-1&2 p1,Successful,Successful,Simple,6/2/2021,05/23/2021,10,15,0.019,06/13/2021,10,26,0.034,1.789,06/16/2021,5,6,0.016,Yes,"Bulrush, cattails",Unknown,,Sacramento National Wildlife Refuge Complex,2021 Colusa NWR T27-1&2,4/21/2021,6/26/2021,,Unknown,5/11/2021,~5/21/2021,~6/13/2021,~6/17/2021,ND,ND,43,OK,,ARI=1.789 from nestling_rate=0.034 / female_rate=0.019,05/23/2021,06/01/2021,06/04/2021,06/13/2021,04/09/2021,06/26/2021,780,768,29,15,28,26,"05/23/2021, 05/24/2021, 05/25/2021, 05/26/2021, 05/27/2021, 05/28/2021, 06/01/2021","06/04/2021, 06/06/2021, 06/07/2021, 06/08/2021, 06/09/2021, 06/10/2021, 06/12/2021, 06/13/2021",05/18/2021,06/02/2021,05/23/2021,06/01/2021,06/04/2021,06/13/2021,06/04/2021,06/13/2021,06/13/2021,06/17/2021,385,8,6,"06/14/2021, 06/15/2021, 06/16/2021",0.752,1.037,False,,
21652,2021 Conaway East,2021 Conaway East p1,Successful,Successful,Simple,6/11/2021,06/01/2021,10,2,0.005,06/22/2021,10,7,0.018,3.6,06/26/2021,5,85,0.436,Yes,Cattails with bulrush,10000,,Central Sacramento Valley,2021 Conaway East,5/20/2021,7/5/2021,,10000,inf,5/30/2021,6/20/2021,ND,ND,ND,45,OK,,ARI=3.6 from nestling_rate=0.018 / female_rate=0.005,06/01/2021,06/10/2021,06/13/2021,06/22/2021,03/30/2021,07/05/2021,390,390,3,2,16,7,"06/01/2021, 06/06/2021","06/19/2021, 06/20/2021, 06/21/2021, 06/22/2021",05/29/2021,06/06/2021,06/01/2021,06/06/2021,06/19/2021,06/27/2021,06/19/2021,06/22/2021,06/22/2021,06/26/2021,195,293,85,"06/22/2021, 06/23/2021, 06/24/2021, 06/25/2021, 06/26/2021",0.752,2.848,False,,
24652,2021 Conaway South,2021 Conaway South p1,Successful,Successful,Simple,6/10/2021,05/31/2021,10,118,0.303,06/21/2021,10,148,0.379,1.251,06/25/2021,5,59,0.303,Yes,Cattails with bulrush,10000,,Central Sacramento Valley,2021 Conaway South,5/20/2021,7/5/2021,,10000,inf,5/29/2021,6/23/2021,7/1/2021,ND,ND,46,OK,,ARI=1.251 from nestling_rate=0.379 / female_rate=0.303,05/31/2021,06/09/2021,06/12/2021,06/21/2021,03/30/2021,07/05/2021,390,390,196,118,297,148,"05/31/2021, 06/01/2021, 06/02/2021, 06/03/2021, 06/04/2021, 06/05/2021, 06/06/2021, 06/07/2021, 06/08/2021, 06/09/2021","06/12/2021, 06/13/2021, 06/14/2021, 06/15/2021, 06/16/2021, 06/17/2021, 06/18/2021, 06/19/2021, 06/20/2021, 06/21/2021",05/27/2021,06/12/2021,05/31/2021,06/09/2021,06/12/2021,06/29/2021,06/12/2021,06/21/2021,06/21/2021,06/25/2021,195,222,59,"06/22/2021, 06/23/2021, 06/24/2021, 06/25/2021",0.752,0.499,False,,
21591,2021 Conaway West,2021 Conaway West p1,Successful,Successful,Simple,6/2/2021,05/30/2021,10,4,0.01,06/12/2021,10,8,0.021,2.1,06/17/2021,5,9,0.046,Yes,Cattails with bulrush,10000,,Central Sacramento Valley,2021 Conaway West,5/12/2021,6/28/2021,,10000,inf,5/21/2021,6/13/2021,ND,ND,ND,47,OK,,ARI=2.1 from nestling_rate=0.021 / female_rate=0.01,05/23/2021,06/01/2021,06/04/2021,06/13/2021,03/30/2021,06/28/2021,390,390,8,4,11,8,"05/30/2021, 05/31/2021","06/07/2021, 06/08/2021, 06/10/2021, 06/11/2021, 06/12/2021",05/30/2021,06/02/2021,05/30/2021,05/31/2021,06/07/2021,06/16/2021,06/07/2021,06/12/2021,06/13/2021,06/17/2021,195,42,9,"06/13/2021, 06/15/2021, 06/16/2021, 06/17/2021",0.752,1.348,False,,
21668,2021 Foley Ranch,2021 Virginia at Ostrom p1,Successful,Successful,Sequential,5/12/2021,05/04/2021,10,160,0.542,05/23/2021,10,242,0.621,1.146,05/27/2021,5,20,0.103,Yes,Himalayan blackberry,10000,,Central Sacramento Valley,2021 Virginia at Ostrom,5/4/2021,6/14/2021,,10000,inf,4/30/2021,5/24/2021,ND,ND,ND,52,OK,,ARI=1.146 from nestling_rate=0.621 / female_rate=0.542,05/02/2021,05/11/2021,05/14/2021,05/23/2021,03/30/2021,06/14/2021,295,390,345,160,353,242,"05/04/2021, 05/05/2021, 05/06/2021, 05/07/2021, 05/08/2021, 05/09/2021, 05/10/2021, 05/11/2021","05/14/2021, 05/15/2021, 05/16/2021, 05/17/2021, 05/18/2021, 05/19/2021, 05/20/2021, 05/21/2021, 05/22/2021, 05/23/2021",05/04/2021,06/14/2021,05/04/2021,05/11/2021,05/13/2021,06/01/2021,05/14/2021,05/23/2021,05/23/2021,05/27/2021,195,352,20,"05/24/2021, 05/25/2021, 05/26/2021, 05/27/2021",0.752,0.394,False,,
21688,2021 Hale Road 2,2021 Hale Road 2 p1,Successful,Successful,Simple,5/14/2021,05/04/2021,10,277,0.735,05/25/2021,10,238,0.61,0.83,05/29/2021,5,19,0.097,Yes,"Himalayan blackberry, bulrush",7000,,Central Sacramento Valley,2021 Hale Road 2,5/4/2021,6/14/2021,,7000,inf,5/2/2021,5/28/2021,6/4/2021,ND,ND,53,OK,,ARI=0.83 from nestling_rate=0.61 / female_rate=0.735,05/04/2021,05/13/2021,05/16/2021,05/25/2021,03/30/2021,06/14/2021,377,390,455,277,536,238,"05/04/2021, 05/05/2021, 05/06/2021, 05/07/2021, 05/08/2021, 05/09/2021, 05/10/2021, 05/11/2021, 05/12/2021, 05/13/2021","05/16/2021, 05/17/2021, 05/18/2021, 05/19/2021, 05/20/2021, 05/21/2021, 05/22/2021, 05/23/2021, 05/24/2021, 05/25/2021",05/04/2021,05/26/2021,05/04/2021,05/13/2021,05/16/2021,06/05/2021,05/16/2021,05/25/2021,05/25/2021,05/29/2021,195,170,19,"05/28/2021, 05/29/2021",0.752,0.078,False,,
24606,2021 Kern 1,2021 Kern 1 p1,Successful,Unknown,Simple,6/1/2021,ND,10,0,0.0,ND,10,0,0.0,ND_NO_FEMALE_CALLS,ND,5,0,0.0,No,"Stinging nettle, mulefat",NEED,,Southern Sierra Research Station,2021 Kern 1,4/9/2021,8/5/2021,,NEED,missed,5/20/2021,ND,ND,ND,ND,56,OK,,No female detections in female window; female_window=05/22/2021 to 05/31/2021; raw_female_rows=0,05/22/2021,05/31/2021,06/03/2021,06/12/2021,04/09/2021,08/05/2021,390,390,0,0,0,0,,,ND,ND,ND,ND,ND,ND,ND,ND,06/12/2021,06/16/2021,195,0,0,,0.752,,False,,
24655,2021 Kern 4,2021 Kern 4 p1,Partially Abandoned,Partially Abandoned,Simple,5/13/2021,05/03/2021,10,43,0.11,05/24/2021,10,3,0.008,0.073,ND,5,0,0.0,No,Stinging nettle,NEED,,Southern Sierra Research Station,2021 Kern 4,4/19/2021,8/10/2021,,NEED,missed,~5/1/2021,~5/27/2021,~6/12/2021,ND,5/7/2021,59,OK,,ARI=0.073 from nestling_rate=0.008 / female_rate=0.11,05/03/2021,05/12/2021,05/15/2021,05/24/2021,03/23/2021,08/10/2021,390,390,46,43,14,3,"05/03/2021, 05/04/2021, 05/05/2021, 05/06/2021, 05/07/2021, 05/08/2021, 05/10/2021, 05/11/2021, 05/12/2021","05/23/2021, 05/24/2021",04/23/2021,05/12/2021,05/03/2021,05/12/2021,05/23/2021,06/01/2021,05/23/2021,05/24/2021,05/24/2021,05/28/2021,195,14,0,,0.752,-0.679,False,,
24233,2021 Panoche Creek Preserve 1W,2021 Panoche Creek Marsh East 1 p1,Partially Abandoned,Abandoned,Simple,5/4/2021,04/24/2021,10,104,0.267,ND,10,0,0.0,0.0,ND,5,0,0.0,No,Cattails,3500,,CNLM,2021 Panoche Creek Marsh East 1,4/1/2021,7/14/2021,,3500,4/5/2021,4/22/2021,~5/23/2021,~5/25/2021,ND,4/30/2021,65,OK,,ARI=0.0 from nestling_rate=0.0 / female_rate=0.267,04/24/2021,05/03/2021,05/06/2021,05/15/2021,04/01/2021,07/14/2021,390,390,154,104,7,0,"04/24/2021, 04/25/2021, 04/26/2021, 04/27/2021, 04/28/2021, 04/29/2021, 04/30/2021, 05/01/2021, 05/02/2021, 05/03/2021",,04/17/2021,05/07/2021,04/24/2021,05/03/2021,05/04/2021,05/24/2021,ND,ND,05/15/2021,05/19/2021,195,4,0,,0.752,-0.752,True,Partially Abandoned -> Abandoned,
24232,2021 Panoche Creek Preserve 2E,2021 Panoche Creek Marsh East 2 p1,Successful,Partially Abandoned,Simple,5/2/2021,04/22/2021,10,165,0.423,05/12/2021,10,88,0.226,0.534,05/17/2021,5,1,0.005,Yes,Cattails,3500,,CNLM,2021 Panoche Creek Marsh East 2,4/1/2021,7/14/2021,,3500,inf,4/20/2021,5/18/2021,5/22/2021,ND,ND,66,OK,,ARI=0.534 from nestling_rate=0.226 / female_rate=0.423,04/22/2021,05/01/2021,05/04/2021,05/13/2021,04/01/2021,07/14/2021,390,390,306,165,112,88,"04/22/2021, 04/23/2021, 04/24/2021, 04/25/2021, 04/26/2021, 04/27/2021, 04/28/2021, 04/29/2021, 04/30/2021, 05/01/2021","05/04/2021, 05/05/2021, 05/06/2021, 05/07/2021, 05/08/2021, 05/10/2021, 05/11/2021, 05/12/2021",04/09/2021,05/12/2021,04/22/2021,05/01/2021,05/04/2021,05/19/2021,05/04/2021,05/12/2021,05/13/2021,05/17/2021,195,31,1,05/17/2021,0.752,-0.218,True,Successful -> Partially Abandoned,"Human Successful but ARI below cutoff; inspect NBC detections, female denominator, fledgling detections, and whether ARI cutoff is biologically appropriate"
24231,2021 Rodeo Grounds 1,2021 Rodeo Grounds p1,Successful,Successful,Simple,5/2/2021,04/22/2021,10,287,0.736,05/13/2021,10,227,0.582,0.791,05/17/2021,5,99,0.508,Yes,Himalayan blackberry,40,,Placer County,2021 Rodeo Grounds,4/19/2021,6/13/2021,,40,inf,4/20/2021,5/11/2021,5/24/2021,ND,ND,69,OK,,ARI=0.791 from nestling_rate=0.582 / female_rate=0.736,04/22/2021,05/01/2021,05/04/2021,05/13/2021,03/30/2021,06/13/2021,390,390,455,287,382,227,"04/22/2021, 04/23/2021, 04/24/2021, 04/25/2021, 04/26/2021, 04/27/2021, 04/28/2021, 04/29/2021, 04/30/2021, 05/01/2021","05/04/2021, 05/05/2021, 05/06/2021, 05/07/2021, 05/08/2021, 05/09/2021, 05/10/2021, 05/11/2021, 05/12/2021, 05/13/2021",04/19/2021,05/22/2021,04/22/2021,05/01/2021,05/04/2021,05/22/2021,05/04/2021,05/13/2021,05/13/2021,05/17/2021,195,208,99,"05/13/2021, 05/14/2021, 05/15/2021, 05/16/2021, 05/17/2021",0.752,0.039,False,,
24107,2021 Willey Wetlands 1,2021 Willey Wetlands 1 p1,Successful,Unknown,Simple,6/20/2021,ND,10,0,0.0,06/30/2021,10,52,0.133,ND_NO_FEMALE_CALLS,07/02/2021,5,1,0.005,Yes,"Bulrush, cattails",100-500,,CNLM,2021 Willey Wetlands 1,6/10/2021,8/17/2021,,300,inf,6/8/2021,~7/2/2021,~7/12/2021,ND,ND,73,OK,,No female detections in female window; female_window=06/10/2021 to 06/19/2021; raw_female_rows=0,06/10/2021,06/19/2021,06/22/2021,07/01/2021,06/03/2021,08/17/2021,384,390,0,0,74,52,,"06/23/2021, 06/24/2021, 06/25/2021, 06/26/2021, 06/27/2021, 06/28/2021, 06/29/2021, 06/30/2021",ND,ND,ND,ND,06/23/2021,07/05/2021,06/23/2021,06/30/2021,07/01/2021,07/05/2021,195,9,1,07/02/2021,0.752,,False,,
24261,2021 Willey Wetlands 2,2021 Willey Wetlands 2 p1,Successful,Successful,Simple,6/14/2021,06/10/2021,10,58,0.389,06/25/2021,10,211,0.541,1.391,06/29/2021,5,53,0.272,Yes,"Bulrush, cattails",100-500,,CNLM,2021 Willey Wetlands 2,6/10/2021,8/17/2021,,300,inf,6/2/2021,6/28/2021,7/6/2021,ND,ND,74,OK,,ARI=1.391 from nestling_rate=0.541 / female_rate=0.389,06/04/2021,06/13/2021,06/16/2021,06/25/2021,06/03/2021,08/17/2021,149,390,106,58,267,211,"06/10/2021, 06/11/2021, 06/12/2021, 06/13/2021","06/16/2021, 06/17/2021, 06/18/2021, 06/19/2021, 06/20/2021, 06/21/2021, 06/22/2021, 06/23/2021, 06/24/2021, 06/25/2021",06/10/2021,06/21/2021,06/10/2021,06/13/2021,06/15/2021,07/02/2021,06/16/2021,06/25/2021,06/25/2021,06/29/2021,195,161,53,"06/26/2021, 06/27/2021, 06/28/2021, 06/29/2021",0.752,0.639,False,,
24790,2021 Wind Wolves Preserve,2021 Wind Wolves Preserve p1,Successful,Partially Abandoned,Simple,5/14/2021,05/04/2021,10,154,0.395,05/25/2021,10,39,0.273,0.691,05/29/2021,5,18,0.092,Yes,Stinging nettle,NEED,,Wind Wolves Preserve,2021 Wind Wolves Preserve,4/14/2021,7/20/2021,,NEED,4/21/2021,5/2/2021,5/28/2021,6/24/2021,ND,ND,76,OK,,ARI=0.691 from nestling_rate=0.273 / female_rate=0.395,05/04/2021,05/13/2021,05/16/2021,05/25/2021,03/23/2021,07/20/2021,390,143,179,154,265,39,"05/04/2021, 05/05/2021, 05/06/2021, 05/07/2021, 05/08/2021, 05/09/2021, 05/10/2021, 05/11/2021, 05/12/2021, 05/13/2021","05/23/2021, 05/24/2021, 05/25/2021",05/02/2021,05/24/2021,05/04/2021,05/13/2021,05/23/2021,06/05/2021,05/23/2021,05/25/2021,05/25/2021,05/29/2021,195,93,18,"05/26/2021, 05/27/2021, 05/28/2021, 05/29/2021",0.752,-0.061,True,Successful -> Partially Abandoned,"Human Successful but ARI below cutoff; inspect NBC detections, female denominator, fledgling detections, and whether ARI cutoff is biologically appropriate"
34485,2022 Baja 1,2022 Baja Ciénega Redonda North p1,Successful,Successful,Simple,4/14/2022,04/04/2022,10,49,0.126,04/25/2022,10,111,0.285,2.262,04/29/2022,5,3,0.015,Yes,Cattails,300-400,,Baja,2022 Baja Ciénega Redonda North,3/23/2022,7/12/2022,,350,inf,4/2/2022,4/29/2022,5/18/2022,ND,ND,77,OK,,ARI=2.262 from nestling_rate=0.285 / female_rate=0.126,04/04/2022,04/13/2022,04/16/2022,04/25/2022,02/12/2022,07/12/2022,390,390,143,49,316,111,"04/04/2022, 04/05/2022, 04/06/2022, 04/07/2022, 04/08/2022, 04/09/2022, 04/10/2022, 04/11/2022, 04/12/2022, 04/13/2022","04/16/2022, 04/17/2022, 04/18/2022, 04/19/2022, 04/20/2022, 04/21/2022, 04/22/2022, 04/23/2022, 04/24/2022, 04/25/2022",03/30/2022,04/26/2022,04/04/2022,04/13/2022,04/15/2022,05/23/2022,04/16/2022,04/25/2022,04/25/2022,04/29/2022,194,553,3,04/29/2022,0.752,1.51,False,,
53136,2022 Baja 2,2022 Baja Ciénega Redonda North 2 p1,Successful,Successful,Simple,4/15/2022,04/05/2022,10,37,0.095,04/26/2022,10,181,0.465,4.895,04/30/2022,5,9,0.046,Yes,Cattails,300-400,,Baja,2022 Baja Ciénega Redonda North 2,3/23/2022,7/17/2022,,350,inf,4/3/2022,4/30/2022,5/18/2022,ND,ND,78,OK,,ARI=4.895 from nestling_rate=0.465 / female_rate=0.095,04/05/2022,04/14/2022,04/17/2022,04/26/2022,02/12/2022,07/14/2022,390,389,118,37,343,181,"04/05/2022, 04/06/2022, 04/07/2022, 04/08/2022, 04/09/2022, 04/12/2022, 04/13/2022, 04/14/2022","04/17/2022, 04/18/2022, 04/19/2022, 04/20/2022, 04/21/2022, 04/22/2022, 04/23/2022, 04/24/2022, 04/25/2022, 04/26/2022",03/24/2022,04/24/2022,04/05/2022,04/14/2022,04/14/2022,05/18/2022,04/17/2022,04/26/2022,04/26/2022,04/30/2022,195,467,9,04/30/2022,0.752,4.143,False,,
34079,2022 Colusa NWR T27.2,2022 Colusa NWR T27-2S p1,Successful,Successful,Simple,5/31/2022,05/24/2022,10,15,0.038,06/09/2022,10,26,0.067,1.763,06/15/2022,5,6,0.031,Yes,"Bulrush, cattails",3000,,Sacramento National Wildlife Refuge Complex,2022 Colusa NWR T27-2S,4/18/2022,8/4/2022,,3000,missed,5/19/2022,6/13/2022,6/20/2022,ND,ND,80,OK,,ARI=1.763 from nestling_rate=0.067 / female_rate=0.038,05/21/2022,05/30/2022,06/02/2022,06/11/2022,02/12/2022,08/03/2022,390,390,38,15,44,26,"05/24/2022, 05/27/2022, 05/29/2022, 05/30/2022","06/02/2022, 06/03/2022, 06/04/2022, 06/06/2022, 06/09/2022",05/24/2022,06/05/2022,05/24/2022,05/30/2022,05/31/2022,06/09/2022,06/02/2022,06/09/2022,06/11/2022,06/15/2022,195,41,6,"06/13/2022, 06/14/2022, 06/15/2022",0.752,1.011,False,,
34112,2022 Conaway North,2022 Conaway North p1,Successful,Successful,Simple,5/21/2022,05/11/2022,10,626,0.803,06/01/2022,10,497,0.637,0.793,06/05/2022,5,267,0.685,Yes,"Cattails, Himalayan blackberry, willow",15000,,Central Sacramento Valley,2022 Conaway North,5/4/2022,6/28/2022,,15000,inf,5/9/2022,5/31/2022,6/19/2022,ND,ND,82,OK,,ARI=0.793 from nestling_rate=0.637 / female_rate=0.803,05/11/2022,05/20/2022,05/23/2022,06/01/2022,05/04/2022,06/28/2022,780,780,1094,626,1063,497,"05/11/2022, 05/12/2022, 05/13/2022, 05/14/2022, 05/15/2022, 05/16/2022, 05/17/2022, 05/18/2022, 05/19/2022, 05/20/2022","05/23/2022, 05/24/2022, 05/25/2022, 05/26/2022, 05/27/2022, 05/28/2022, 05/29/2022, 05/30/2022, 05/31/2022, 06/01/2022",05/08/2022,06/03/2022,05/11/2022,05/20/2022,05/22/2022,06/12/2022,05/23/2022,06/01/2022,06/01/2022,06/05/2022,390,1041,267,"06/01/2022, 06/02/2022, 06/03/2022, 06/04/2022, 06/05/2022",0.752,0.041,False,,
34113,2022 Conaway North A,2022 Conaway North A p1,Successful,Successful,Simple,5/22/2022,05/12/2022,10,346,0.444,06/02/2022,10,317,0.406,0.914,06/06/2022,5,222,0.569,Yes,"Cattails, Himalayan blackberry, willow",15000,,Central Sacramento Valley,2022 Conaway North A,5/4/2022,6/28/2022,,15000,inf,5/10/2022,6/1/2022,6/16/2022,ND,ND,83,OK,,ARI=0.914 from nestling_rate=0.406 / female_rate=0.444,05/12/2022,05/21/2022,05/24/2022,06/02/2022,05/04/2022,06/28/2022,780,780,504,346,547,317,"05/12/2022, 05/13/2022, 05/14/2022, 05/15/2022, 05/16/2022, 05/17/2022, 05/18/2022, 05/19/2022, 05/20/2022, 05/21/2022","05/24/2022, 05/25/2022, 05/26/2022, 05/27/2022, 05/28/2022, 05/29/2022, 05/30/2022, 05/31/2022, 06/01/2022, 06/02/2022",05/07/2022,05/31/2022,05/12/2022,05/21/2022,05/24/2022,06/12/2022,05/24/2022,06/02/2022,06/02/2022,06/06/2022,390,693,222,"06/02/2022, 06/03/2022, 06/04/2022, 06/05/2022, 06/06/2022",0.752,0.162,False,,
34115,2022 Conaway East,2022 Conaway Ranch Reservoir p1,Partially Abandoned,Partially Abandoned,Simple,5/23/2022,05/13/2022,10,205,0.263,05/28/2022,10,45,0.058,0.221,06/07/2022,5,3,0.008,Yes,Himalayan blackberry,Unknown,,Central Sacramento Valley,2022 Conaway Ranch Reservoir,5/9/2022,6/28/2022,,Unknown,inf,5/11/2022,~6/7/2022,6/17/2022,ND,5/20/2022,84,OK,,ARI=0.221 from nestling_rate=0.058 / female_rate=0.263,05/13/2022,05/22/2022,05/25/2022,06/03/2022,05/09/2022,06/28/2022,780,780,392,205,50,45,"05/13/2022, 05/14/2022, 05/15/2022, 05/16/2022, 05/17/2022, 05/18/2022, 05/19/2022, 05/20/2022, 05/21/2022, 05/22/2022","05/25/2022, 05/26/2022, 05/27/2022, 05/28/2022",05/09/2022,05/25/2022,05/13/2022,05/22/2022,05/25/2022,05/28/2022,05/25/2022,05/28/2022,06/03/2022,06/07/2022,390,146,3,"06/05/2022, 06/07/2022",0.752,-0.531,False,,
34078,2022 Creed Road,2022 Denverton Creek p1,Successful,Successful,Simple,4/15/2022,04/05/2022,10,237,0.608,04/26/2022,10,249,0.638,1.049,04/30/2022,5,28,0.144,Yes,Himalayan blackberry,1000,,Solano County,2022 Denverton Creek,2/13/2022,8/20/2022,,1000,3/13/2022,4/3/2022,4/28/2022,5/20/2022,ND,ND,85,OK,,ARI=1.049 from nestling_rate=0.638 / female_rate=0.608,04/05/2022,04/14/2022,04/17/2022,04/26/2022,02/13/2022,08/20/2022,390,390,463,237,525,249,"04/05/2022, 04/06/2022, 04/07/2022, 04/08/2022, 04/09/2022, 04/10/2022, 04/11/2022, 04/12/2022, 04/13/2022, 04/14/2022","04/17/2022, 04/18/2022, 04/19/2022, 04/20/2022, 04/21/2022, 04/22/2022, 04/23/2022, 04/24/2022, 04/25/2022, 04/26/2022",03/27/2022,04/29/2022,04/05/2022,04/14/2022,04/17/2022,06/12/2022,04/17/2022,04/26/2022,04/26/2022,04/30/2022,195,783,28,"04/28/2022, 04/29/2022, 04/30/2022",0.752,0.297,False,,
33966,2022 Hay Landfill,2022 Hay Landfill p1,Partially Abandoned,Partially Abandoned,Sequential,4/12/2022,04/02/2022,10,124,0.318,04/19/2022,10,17,0.044,0.138,04/27/2022,5,5,0.026,Yes,"Bulrush, cattails",4000,,Solano County,2022 Hay Landfill,2/13/2022,9/9/2022,,4000,2/24/2022,3/31/2022,4/27/2022,5/15/2022,ND,ND,88,REVIEW,"Outcome is Partially Abandoned, but abandon date does not end with P/p.",ARI=0.138 from nestling_rate=0.044 / female_rate=0.318,04/02/2022,04/11/2022,04/14/2022,04/23/2022,02/13/2022,09/06/2022,390,390,318,124,83,17,"04/02/2022, 04/03/2022, 04/04/2022, 04/05/2022, 04/06/2022, 04/07/2022, 04/08/2022, 04/09/2022, 04/10/2022, 04/11/2022","04/14/2022, 04/15/2022, 04/16/2022, 04/17/2022, 04/18/2022, 04/19/2022",03/21/2022,06/01/2022,04/02/2022,04/11/2022,04/12/2022,06/06/2022,04/14/2022,04/19/2022,04/23/2022,04/27/2022,195,374,5,04/27/2022,0.752,-0.614,False,,
33966,2022 Hay Landfill,2022 Hay Landfill p2,Successful,Partially Abandoned,Sequential,5/19/2022,05/15/2022,10,16,0.041,05/30/2022,10,8,0.021,0.512,06/03/2022,5,13,0.067,Yes,"Bulrush, cattails",4000,,Solano County,2022 Hay Landfill,2/13/2022,9/9/2022,,4000,5/4/2022,5/7/2022,6/1/2022,6/27/2022,ND,ND,88,OK,,ARI=0.512 from nestling_rate=0.021 / female_rate=0.041,05/09/2022,05/18/2022,05/21/2022,05/30/2022,02/13/2022,09/06/2022,391,390,318,16,83,8,"05/15/2022, 05/16/2022, 05/17/2022, 05/18/2022","05/22/2022, 05/24/2022, 05/25/2022, 05/28/2022, 05/30/2022",03/21/2022,06/01/2022,05/15/2022,05/18/2022,04/12/2022,06/06/2022,05/22/2022,05/30/2022,05/30/2022,06/03/2022,195,374,13,"05/31/2022, 06/01/2022, 06/02/2022, 06/03/2022",0.752,-0.24,True,Successful -> Partially Abandoned,"Human Successful but ARI below cutoff; inspect NBC detections, female denominator, fledgling detections, and whether ARI cutoff is biologically appropriate"
34077,2022 Laguna Seca,2022 Laguna Seca p1,Successful,Unknown,Sequential,4/15/2022,ND,10,0,0.0,04/22/2022,10,5,0.013,ND_NO_FEMALE_CALLS,ND,5,0,0.0,No,"Bulrush, cattails",Unknown,,Monterey,2022 Laguna Seca,3/20/2022,7/11/2022,,Unknown,inf,4/3/2022,ND,ND,ND,ND,89,OK,,No female detections in female window; female_window=04/05/2022 to 04/14/2022; raw_female_rows=116,04/05/2022,04/14/2022,04/17/2022,04/26/2022,03/20/2022,07/10/2022,390,390,116,0,75,5,,"04/17/2022, 04/18/2022, 04/19/2022, 04/21/2022, 04/22/2022",05/08/2022,05/29/2022,ND,ND,04/16/2022,06/06/2022,04/17/2022,04/22/2022,04/26/2022,04/30/2022,195,0,0,,0.752,,False,,
34073,2022 OR2,2022 Oregon State - Prineville Woodward Rd p1,Successful,Abandoned,Simple,5/16/2022,05/07/2022,10,6,0.008,ND,10,0,0.0,0.0,05/31/2022,5,13,0.033,Yes,Cattails,40-80,,Oregon,2022 Oregon State - Prineville Woodward Rd,4/24/2022,6/3/2022,,60,missed,~5/4/2022,~5/28/2022,ND,ND,ND,94,OK,,ARI=0.0 from nestling_rate=0.0 / female_rate=0.008,05/06/2022,05/15/2022,05/18/2022,05/27/2022,04/24/2022,06/03/2022,780,780,11,6,1,0,"05/07/2022, 05/08/2022",,05/04/2022,05/08/2022,05/07/2022,05/08/2022,05/29/2022,05/29/2022,ND,ND,05/27/2022,05/31/2022,390,48,13,"05/28/2022, 05/30/2022, 05/31/2022",0.752,-0.752,True,Successful -> Abandoned,
34071,2022 Paicines Ranch - Teal Pond,2022 Paicines Ranch - Teal Pond p1,Successful,Successful,Simple,4/22/2022,04/13/2022,10,31,0.079,05/03/2022,10,31,0.079,1.0,05/06/2022,5,7,0.036,Yes,"Bulrush, cattails",4000,,CNLM,2022 Paicines Ranch - Teal Pond,4/10/2022,8/6/2022,,4000,inf,4/10/2022,5/6/2022,5/27/2022,ND,ND,95,OK,,ARI=1.0 from nestling_rate=0.079 / female_rate=0.079,04/12/2022,04/21/2022,04/24/2022,05/03/2022,02/12/2022,08/06/2022,390,390,33,31,63,31,"04/13/2022, 04/14/2022, 04/15/2022, 04/16/2022, 04/17/2022, 04/18/2022, 04/19/2022, 04/21/2022","04/26/2022, 04/27/2022, 04/28/2022, 04/29/2022, 04/30/2022, 05/01/2022, 05/02/2022, 05/03/2022",04/11/2022,04/22/2022,04/13/2022,04/21/2022,04/24/2022,05/12/2022,04/26/2022,05/03/2022,05/03/2022,05/07/2022,195,248,7,"05/03/2022, 05/04/2022, 05/05/2022, 05/06/2022",0.752,0.248,False,,
34072,2022 Paicines Ranch - Teal Pond B,2022 Paicines Ranch - Teal Pond B p1,Successful,Successful,Simple,4/25/2022,04/16/2022,10,13,0.033,05/06/2022,10,20,0.051,1.545,05/10/2022,5,29,0.149,Yes,"Bulrush, cattails",4000,,CNLM,2022 Paicines Ranch - Teal Pond B,4/11/2022,8/3/2022,,4000,inf,4/13/2022,5/9/2022,6/2/2022,ND,ND,96,OK,,ARI=1.545 from nestling_rate=0.051 / female_rate=0.033,04/15/2022,04/24/2022,04/27/2022,05/06/2022,04/11/2022,08/03/2022,390,390,22,13,30,20,"04/16/2022, 04/17/2022, 04/18/2022, 04/21/2022, 04/22/2022, 04/23/2022, 04/24/2022","04/28/2022, 04/29/2022, 04/30/2022, 05/01/2022, 05/02/2022, 05/03/2022, 05/04/2022, 05/06/2022",04/16/2022,05/07/2022,04/16/2022,04/24/2022,04/28/2022,05/13/2022,04/28/2022,05/06/2022,05/06/2022,05/10/2022,195,245,29,"05/07/2022, 05/08/2022, 05/09/2022, 05/10/2022",0.752,0.793,False,,
34130,2022 Panoche Creek Preserve Loc5,2022 Panoche Creek Marsh East 2 p1,Successful,Successful,Simple,4/20/2022,04/14/2022,6,92,0.414,05/01/2022,10,132,0.338,0.816,05/05/2022,5,26,0.133,Yes,Cattails,4500,,CNLM,2022 Panoche Creek Marsh East 2,4/14/2022,6/23/2022,,4500,inf,4/8/2022,5/1/2022,5/16/2022,ND,ND,98,OK,,ARI=0.816 from nestling_rate=0.338 / female_rate=0.414,04/14/2022,04/19/2022,04/22/2022,05/01/2022,04/14/2022,06/23/2022,222,390,169,92,345,132,"04/14/2022, 04/15/2022, 04/16/2022, 04/17/2022, 04/18/2022, 04/19/2022","04/22/2022, 04/23/2022, 04/24/2022, 04/25/2022, 04/26/2022, 04/27/2022, 04/28/2022, 04/29/2022, 04/30/2022, 05/01/2022",04/14/2022,04/29/2022,04/14/2022,04/19/2022,04/22/2022,05/18/2022,04/22/2022,05/01/2022,05/01/2022,05/05/2022,195,90,26,"05/01/2022, 05/02/2022, 05/03/2022, 05/04/2022, 05/05/2022",0.752,0.064,False,,
52597,2022 Panoche Creek Preserve Loc3,2022 Panoche Creek Preserve Location 3 p1,Successful,Successful,Simple,4/20/2022,04/10/2022,10,98,0.251,05/01/2022,10,138,0.354,1.41,05/05/2022,5,7,0.036,Yes,NEED,4500,,CNLM,2022 Panoche Creek Preserve Location 3,3/18/2022,6/23/2022,,4500,inf,4/8/2022,5/3/2022,5/18/2022,ND,ND,99,OK,,ARI=1.41 from nestling_rate=0.354 / female_rate=0.251,04/10/2022,04/19/2022,04/22/2022,05/01/2022,03/18/2022,06/23/2022,390,390,156,98,260,138,"04/10/2022, 04/11/2022, 04/12/2022, 04/13/2022, 04/14/2022, 04/15/2022, 04/16/2022, 04/17/2022, 04/18/2022, 04/19/2022","04/22/2022, 04/23/2022, 04/24/2022, 04/25/2022, 04/26/2022, 04/27/2022, 04/28/2022, 04/29/2022, 04/30/2022, 05/01/2022",04/05/2022,04/29/2022,04/10/2022,04/19/2022,04/20/2022,05/18/2022,04/22/2022,05/01/2022,05/01/2022,05/05/2022,195,75,7,"05/03/2022, 05/04/2022, 05/05/2022",0.752,0.658,False,,
34013,2022 Plumas Arboga West,2022 Plumas Arboga 6 West p1,Successful,Partially Abandoned,Simple,5/24/2022,05/14/2022,10,679,0.871,06/04/2022,10,466,0.597,0.685,06/08/2022,5,138,0.354,Yes,Himalayan blackberry,9000,,Central Sacramento Valley,2022 Plumas Arboga 6 West,5/11/2022,6/28/2022,,9000,inf,5/12/2022,5/31/2022,ND,ND,ND,101,OK,,ARI=0.685 from nestling_rate=0.597 / female_rate=0.871,05/14/2022,05/23/2022,05/26/2022,06/04/2022,05/11/2022,06/28/2022,780,780,1522,679,1263,466,"05/14/2022, 05/15/2022, 05/16/2022, 05/17/2022, 05/18/2022, 05/19/2022, 05/20/2022, 05/21/2022, 05/22/2022, 05/23/2022","05/26/2022, 05/27/2022, 05/28/2022, 05/29/2022, 05/30/2022, 05/31/2022, 06/01/2022, 06/02/2022, 06/03/2022, 06/04/2022",05/12/2022,06/12/2022,05/14/2022,05/23/2022,05/17/2022,06/18/2022,05/26/2022,06/04/2022,06/04/2022,06/08/2022,390,1287,138,"06/04/2022, 06/05/2022, 06/06/2022, 06/07/2022, 06/08/2022",0.752,-0.067,True,Successful -> Partially Abandoned,"Human Successful but ARI below cutoff; inspect NBC detections, female denominator, fledgling detections, and whether ARI cutoff is biologically appropriate"
33985,2022 Sedgwick,2022 Sedgwick Reserve Pond p1,Successful,Successful,Sequential,4/10/2022,04/01/2022,10,41,0.105,04/21/2022,10,95,0.244,2.324,04/25/2022,5,2,0.01,Yes,Cattails,200,,Sedgwick,2022 Sedgwick Reserve Pond,3/20/2022,7/12/2022,,200,inf,3/29/2022,4/26/2022,5/7/2022,ND,ND,108,OK,,ARI=2.324 from nestling_rate=0.244 / female_rate=0.105,03/31/2022,04/09/2022,04/12/2022,04/21/2022,03/20/2022,07/12/2022,390,390,77,41,848,95,"04/01/2022, 04/02/2022, 04/03/2022, 04/04/2022, 04/05/2022, 04/06/2022, 04/07/2022, 04/08/2022, 04/09/2022","04/12/2022, 04/14/2022, 04/15/2022, 04/16/2022, 04/17/2022, 04/18/2022, 04/19/2022, 04/20/2022, 04/21/2022",03/24/2022,05/26/2022,04/01/2022,04/09/2022,04/12/2022,06/18/2022,04/12/2022,04/21/2022,04/21/2022,04/25/2022,195,264,2,04/25/2022,0.752,1.572,False,,
33985,2022 Sedgwick,2022 Sedgwick Reserve Pond p2,Successful,Successful,Sequential,5/21/2022,05/20/2022,10,1,0.003,06/01/2022,10,192,0.492,164.0,06/05/2022,5,15,0.077,Yes,Cattails,200,,Sedgwick,2022 Sedgwick Reserve Pond,3/20/2022,7/12/2022,,200,5/1/2022,5/9/2022,6/3/2022,6/12/2022,ND,ND,108,OK,,ARI=164.0 from nestling_rate=0.492 / female_rate=0.003,05/11/2022,05/20/2022,05/23/2022,06/01/2022,03/20/2022,07/12/2022,390,390,77,1,848,192,05/20/2022,"05/23/2022, 05/24/2022, 05/25/2022, 05/26/2022, 05/27/2022, 05/28/2022, 05/29/2022, 05/30/2022, 05/31/2022, 06/01/2022",03/24/2022,05/26/2022,05/20/2022,05/20/2022,04/12/2022,06/18/2022,05/23/2022,06/01/2022,06/01/2022,06/05/2022,195,264,15,"06/03/2022, 06/04/2022, 06/05/2022",0.752,163.248,False,,
48459,2023 Laguna Fry Confluence - 45 Sump,2023 45 Sump p1,Successful,Partially Abandoned,Simple,5/11/2023,05/01/2023,10,254,0.651,05/22/2023,10,176,0.451,0.693,05/26/2023,5,104,0.533,Yes,Himalayan blackberry,5500,,Central Sacramento Valley,2023 45 Sump,4/25/2023,6/18/2023,,5500,inf,4/29/2023,5/21/2023,5/30/2023,ND,ND,114,OK,,ARI=0.693 from nestling_rate=0.451 / female_rate=0.651,05/01/2023,05/10/2023,05/13/2023,05/22/2023,03/07/2023,06/18/2023,390,390,500,254,467,176,"05/01/2023, 05/02/2023, 05/03/2023, 05/04/2023, 05/05/2023, 05/06/2023, 05/07/2023, 05/08/2023, 05/09/2023, 05/10/2023","05/13/2023, 05/14/2023, 05/15/2023, 05/16/2023, 05/17/2023, 05/18/2023, 05/19/2023, 05/20/2023, 05/21/2023, 05/22/2023",04/27/2023,05/20/2023,05/01/2023,05/10/2023,05/13/2023,05/31/2023,05/13/2023,05/22/2023,05/22/2023,05/26/2023,195,194,104,"05/22/2023, 05/23/2023, 05/24/2023, 05/25/2023, 05/26/2023",0.752,-0.059,True,Successful -> Partially Abandoned,"Human Successful but ARI below cutoff; inspect NBC detections, female denominator, fledgling detections, and whether ARI cutoff is biologically appropriate"
48455,2023 Colusa NWR T27.1,2023 Colusa NWR T27-1&2 p1,Partially Abandoned,Partially Abandoned,Simple,7/16/2023,07/06/2023,10,235,0.603,07/25/2023,10,99,0.254,0.421,07/30/2023,5,22,0.113,Yes,"Bulrush, cattails","2,000",,Sacramento National Wildlife Refuge Complex,2023 Colusa NWR T27-1&2,6/1/2023,8/1/2023,,2000,6/26/2023,7/4/2023,7/27/2023,7/30/2023,ND,7/24/2023,116,OK,,ARI=0.421 from nestling_rate=0.254 / female_rate=0.603,07/06/2023,07/15/2023,07/18/2023,07/27/2023,03/07/2023,08/01/2023,390,390,417,235,109,99,"07/06/2023, 07/07/2023, 07/08/2023, 07/09/2023, 07/10/2023, 07/11/2023, 07/12/2023, 07/13/2023, 07/14/2023, 07/15/2023","07/19/2023, 07/20/2023, 07/21/2023, 07/22/2023, 07/23/2023, 07/24/2023, 07/25/2023",07/01/2023,07/24/2023,07/06/2023,07/15/2023,07/19/2023,07/25/2023,07/19/2023,07/25/2023,07/27/2023,07/31/2023,195,245,22,"07/27/2023, 07/28/2023, 07/29/2023, 07/30/2023",0.752,-0.331,False,,
58629,2023 Colusa NWR T27.2,2023 Colusa NWR T27-2S p1,Successful,Successful,Simple,6/20/2023,06/10/2023,10,81,0.208,07/01/2023,10,147,0.377,1.812,07/05/2023,5,47,0.241,Yes,"Bulrush, cattails","23,000",,Sacramento National Wildlife Refuge Complex,2023 Colusa NWR T27-2S,6/1/2023,8/1/2023,,23000,inf,6/8/2023,6/29/2023,7/20/2023,ND,ND,117,OK,,ARI=1.812 from nestling_rate=0.377 / female_rate=0.208,06/10/2023,06/19/2023,06/22/2023,07/01/2023,03/07/2023,08/01/2023,390,390,175,81,183,147,"06/10/2023, 06/11/2023, 06/12/2023, 06/13/2023, 06/14/2023, 06/15/2023, 06/16/2023, 06/17/2023, 06/18/2023, 06/19/2023","06/22/2023, 06/23/2023, 06/24/2023, 06/25/2023, 06/26/2023, 06/27/2023, 06/28/2023, 06/29/2023, 06/30/2023, 07/01/2023",06/05/2023,06/25/2023,06/10/2023,06/19/2023,06/20/2023,07/05/2023,06/22/2023,07/01/2023,07/01/2023,07/05/2023,195,307,47,"07/01/2023, 07/02/2023, 07/03/2023, 07/04/2023, 07/05/2023",0.752,1.06,False,,
48473,2023 Conaway Ranch - HQ,2023 Conaway Ranch Headquarters p1,Successful,Successful,Simple,6/13/2023,06/03/2023,10,258,0.662,06/24/2023,10,225,0.577,0.872,06/28/2023,5,67,0.344,Yes,Himalayan blackberry,5000,,Central Sacramento Valley,2023 Conaway Ranch Headquarters,5/24/2023,7/5/2023,,5000,5/26/2023,6/1/2023,6/23/2023,6/30/2023,ND,ND,118,OK,,ARI=0.872 from nestling_rate=0.577 / female_rate=0.662,06/03/2023,06/12/2023,06/15/2023,06/24/2023,05/24/2023,07/05/2023,390,390,500,258,330,225,"06/03/2023, 06/04/2023, 06/05/2023, 06/06/2023, 06/07/2023, 06/08/2023, 06/09/2023, 06/10/2023, 06/11/2023, 06/12/2023","06/15/2023, 06/16/2023, 06/17/2023, 06/18/2023, 06/19/2023, 06/20/2023, 06/21/2023, 06/22/2023, 06/23/2023, 06/24/2023",05/31/2023,06/23/2023,06/03/2023,06/12/2023,06/15/2023,06/29/2023,06/15/2023,06/24/2023,06/24/2023,06/28/2023,195,137,67,"06/24/2023, 06/25/2023, 06/26/2023, 06/27/2023, 06/28/2023",0.752,0.12,False,,
48474,2023 Conaway Ranch NE,2023 Conaway Ranch NE p1,Successful,Partially Abandoned,Simple,6/11/2023,06/01/2023,10,148,0.379,06/22/2023,10,77,0.197,0.52,06/26/2023,5,17,0.087,Yes,Himalayan blackberry,9000,,Central Sacramento Valley,2023 Conaway Ranch NE,5/26/2023,7/11/2023,,9000,inf,5/30/2023,6/25/2023,6/30/2023,6/17/2023P,ND,119,REVIEW,"Abandon date ends with P/p, but outcome is not Partially Abandoned.; Outcome is Successful, but abandon date has a value.",ARI=0.52 from nestling_rate=0.197 / female_rate=0.379,06/01/2023,06/10/2023,06/13/2023,06/22/2023,05/26/2023,07/11/2023,390,390,321,148,100,77,"06/01/2023, 06/02/2023, 06/03/2023, 06/04/2023, 06/05/2023, 06/06/2023, 06/07/2023, 06/08/2023, 06/09/2023, 06/10/2023","06/13/2023, 06/14/2023, 06/15/2023, 06/16/2023, 06/17/2023, 06/18/2023, 06/19/2023, 06/20/2023, 06/21/2023, 06/22/2023",05/27/2023,06/28/2023,06/01/2023,06/10/2023,06/13/2023,07/09/2023,06/13/2023,06/22/2023,06/22/2023,06/26/2023,195,35,17,"06/23/2023, 06/24/2023, 06/25/2023, 06/26/2023",0.752,-0.232,True,Successful -> Partially Abandoned,"Human Successful but ARI below cutoff; inspect NBC detections, female denominator, fledgling detections, and whether ARI cutoff is biologically appropriate"
48477,2023 Conaway Ranch North 1,2023 Conaway Ranch North 1 p1,Successful,Successful,Simple,6/18/2023,06/08/2023,10,275,0.729,06/29/2023,10,274,0.703,0.964,07/03/2023,5,137,0.703,Yes,"Himalayan blackberry, cattails",10000,,Central Sacramento Valley,2023 Conaway Ranch North 1,6/8/2023,7/13/2023,,10000,ND,6/6/2023,6/27/2023,ND,ND,ND,120,OK,,ARI=0.964 from nestling_rate=0.703 / female_rate=0.729,06/08/2023,06/17/2023,06/20/2023,06/29/2023,06/08/2023,07/13/2023,377,390,502,275,500,274,"06/08/2023, 06/09/2023, 06/10/2023, 06/11/2023, 06/12/2023, 06/13/2023, 06/14/2023, 06/15/2023, 06/16/2023, 06/17/2023","06/21/2023, 06/22/2023, 06/23/2023, 06/24/2023, 06/25/2023, 06/26/2023, 06/27/2023, 06/28/2023, 06/29/2023",06/08/2023,06/27/2023,06/08/2023,06/17/2023,06/21/2023,07/09/2023,06/21/2023,06/29/2023,06/29/2023,07/03/2023,195,398,137,"06/29/2023, 06/30/2023, 07/01/2023, 07/02/2023, 07/03/2023",0.752,0.212,False,,
48476,2023 Conaway Ranch North 2,2023 Conaway Ranch North 2 p1,Successful,Partially Abandoned,Simple,6/28/2023,06/18/2023,10,239,0.613,07/09/2023,10,149,0.382,0.623,07/13/2023,5,108,0.554,Yes,"Himalayan blackberry, cattails",10000,,Central Sacramento Valley,2023 Conaway Ranch North 2,6/13/2023,7/27/2023,,10000,inf,6/16/2023,7/7/2023,7/23/2023,ND,ND,121,OK,,ARI=0.623 from nestling_rate=0.382 / female_rate=0.613,06/18/2023,06/27/2023,06/30/2023,07/09/2023,06/13/2023,07/27/2023,390,390,434,239,285,149,"06/18/2023, 06/19/2023, 06/20/2023, 06/21/2023, 06/22/2023, 06/23/2023, 06/24/2023, 06/25/2023, 06/26/2023, 06/27/2023","06/30/2023, 07/01/2023, 07/02/2023, 07/03/2023, 07/04/2023, 07/05/2023, 07/06/2023, 07/07/2023, 07/08/2023, 07/09/2023",06/16/2023,07/06/2023,06/18/2023,06/27/2023,06/30/2023,07/17/2023,06/30/2023,07/09/2023,07/09/2023,07/13/2023,195,483,108,"07/09/2023, 07/10/2023, 07/11/2023, 07/12/2023, 07/13/2023",0.752,-0.129,True,Successful -> Partially Abandoned,"Human Successful but ARI below cutoff; inspect NBC detections, female denominator, fledgling detections, and whether ARI cutoff is biologically appropriate"
48462,2023 Creed Rd,2023 Denverton Creek p1,Abandoned,Abandoned,Simple,5/21/2023,05/15/2023,10,1,0.003,ND,10,0,0.0,0.0,ND,5,0,0.0,No,Himalayan blackberry,1000,,Solano County,2023 Denverton Creek,3/12/2023,8/7/2023,,1000,4/26/2023,5/9/2023,ND,ND,5/10/2023,ND,125,OK,,ARI=0.0 from nestling_rate=0.0 / female_rate=0.003,05/11/2023,05/20/2023,05/23/2023,06/01/2023,03/12/2023,07/16/2023,390,390,29,1,0,0,05/15/2023,,05/03/2023,05/15/2023,05/15/2023,05/15/2023,ND,ND,ND,ND,06/01/2023,06/05/2023,195,0,0,,0.752,-0.752,False,,
48463,2023 Hale Road,2023 Hale Road p1,Successful,Partially Abandoned,Sequential,6/6/2023,05/27/2023,10,383,0.982,06/17/2023,10,273,0.7,0.713,06/21/2023,5,163,0.836,Yes,"Himalayan blackberry, cattails",10000,,Central Sacramento Valley,2023 Hale Road,4/18/2023,7/8/2023,,10000,5/20/2023,5/25/2023,6/12/2023,7/6/2023,ND,ND,126,OK,,ARI=0.713 from nestling_rate=0.7 / female_rate=0.982,05/27/2023,06/05/2023,06/08/2023,06/17/2023,04/18/2023,07/08/2023,390,390,841,383,531,273,"05/27/2023, 05/28/2023, 05/29/2023, 05/30/2023, 05/31/2023, 06/01/2023, 06/02/2023, 06/03/2023, 06/04/2023, 06/05/2023","06/08/2023, 06/09/2023, 06/10/2023, 06/11/2023, 06/12/2023, 06/13/2023, 06/14/2023, 06/15/2023, 06/16/2023, 06/17/2023",05/20/2023,07/08/2023,05/27/2023,06/05/2023,06/08/2023,07/05/2023,06/08/2023,06/17/2023,06/17/2023,06/21/2023,195,683,163,"06/17/2023, 06/18/2023, 06/19/2023, 06/20/2023, 06/21/2023",0.752,-0.039,True,Successful -> Partially Abandoned,"Human Successful but ARI below cutoff; inspect NBC detections, female denominator, fledgling detections, and whether ARI cutoff is biologically appropriate"
48468,2023 Hale Road Site 2,2023 Hale Road Site 2 p1,Successful,Successful,Simple,6/6/2023,05/27/2023,10,372,0.954,06/17/2023,10,354,0.908,0.952,06/21/2023,5,159,0.815,Yes,"Himalayan blackberry, cattails",10000,,Central Sacramento Valley,2023 Hale Road Site 2,4/11/2023,7/8/2023,,10000,5/20/2023,5/25/2023,6/11/2023,7/5/2023,ND,ND,127,OK,,ARI=0.952 from nestling_rate=0.908 / female_rate=0.954,05/27/2023,06/05/2023,06/08/2023,06/17/2023,04/11/2023,07/08/2023,390,390,702,372,533,354,"05/27/2023, 05/28/2023, 05/29/2023, 05/30/2023, 05/31/2023, 06/01/2023, 06/02/2023, 06/03/2023, 06/04/2023, 06/05/2023","06/08/2023, 06/09/2023, 06/10/2023, 06/11/2023, 06/12/2023, 06/13/2023, 06/14/2023, 06/15/2023, 06/16/2023, 06/17/2023",05/21/2023,06/12/2023,05/27/2023,06/05/2023,06/08/2023,06/22/2023,06/08/2023,06/17/2023,06/17/2023,06/21/2023,195,697,159,"06/17/2023, 06/18/2023, 06/19/2023, 06/20/2023, 06/21/2023",0.752,0.2,False,,
48470,2023 Kern - HQ2,2023 Kern - Headquarters 2 p1,Successful,Successful,Sequential,6/8/2023,05/29/2023,10,113,0.29,06/19/2023,10,203,0.521,1.797,06/23/2023,5,112,0.574,Yes,Sandbar Willow,100,,Southern Sierra Research Station,2023 Kern - Headquarters 2,5/3/2023,8/11/2023,,100,5/20/2023,5/27/2023,6/20/2023,7/3/2023,ND,ND,131,OK,,ARI=1.797 from nestling_rate=0.521 / female_rate=0.29,05/29/2023,06/07/2023,06/10/2023,06/19/2023,03/09/2023,08/11/2023,390,390,345,113,1003,203,"05/29/2023, 05/30/2023, 05/31/2023, 06/01/2023, 06/02/2023, 06/03/2023, 06/04/2023, 06/05/2023, 06/06/2023, 06/07/2023","06/11/2023, 06/12/2023, 06/13/2023, 06/14/2023, 06/15/2023, 06/16/2023, 06/17/2023, 06/18/2023, 06/19/2023",05/24/2023,07/17/2023,05/29/2023,06/07/2023,06/11/2023,08/06/2023,06/11/2023,06/19/2023,06/19/2023,06/23/2023,195,785,112,"06/19/2023, 06/20/2023, 06/21/2023, 06/22/2023, 06/23/2023",0.752,1.045,False,,
48470,2023 Kern - HQ2,2023 Kern - Headquarters 2 p2,Successful,Successful,Sequential,7/5/2023,06/29/2023,10,17,0.044,07/16/2023,10,99,0.254,5.773,07/20/2023,5,9,0.046,Yes,Sandbar Willow,100,,Southern Sierra Research Station,2023 Kern - Headquarters 2,5/3/2023,8/11/2023,,100,6/23/2023,6/23/2023,7/19/2023,8/7/2023,ND,ND,131,OK,,ARI=5.773 from nestling_rate=0.254 / female_rate=0.044,06/25/2023,07/04/2023,07/07/2023,07/16/2023,03/09/2023,08/11/2023,389,390,345,17,1003,99,"06/29/2023, 07/01/2023, 07/02/2023, 07/03/2023, 07/04/2023","07/09/2023, 07/10/2023, 07/11/2023, 07/12/2023, 07/13/2023, 07/14/2023, 07/15/2023, 07/16/2023",05/24/2023,07/17/2023,06/29/2023,07/04/2023,06/11/2023,08/06/2023,07/09/2023,07/16/2023,07/16/2023,07/20/2023,195,785,9,"07/17/2023, 07/19/2023, 07/20/2023",0.752,5.021,False,,
48465,2023 Laguna Fry Confluence - Site 1,2023 Laguna Frye Confluence 3 p1,Successful,Partially Abandoned,Simple,5/17/2023,05/09/2023,10,212,0.719,05/28/2023,10,192,0.492,0.684,05/31/2023,5,92,0.472,Yes,"Himalayan blackberry, cattails, tule",17500,,Central Sacramento Valley,2023 Laguna Frye Confluence 3,5/9/2023,6/18/2023,,17500,inf,5/5/2023,5/26/2023,~6/1/2023,ND,ND,132,OK,,ARI=0.684 from nestling_rate=0.492 / female_rate=0.719,05/07/2023,05/16/2023,05/19/2023,05/28/2023,03/07/2023,06/18/2023,295,390,314,212,220,192,"05/09/2023, 05/10/2023, 05/11/2023, 05/12/2023, 05/13/2023, 05/14/2023, 05/15/2023, 05/16/2023","05/19/2023, 05/20/2023, 05/21/2023, 05/22/2023, 05/23/2023, 05/24/2023, 05/25/2023, 05/26/2023, 05/27/2023, 05/28/2023",05/09/2023,05/25/2023,05/09/2023,05/16/2023,05/18/2023,05/31/2023,05/19/2023,05/28/2023,05/28/2023,06/01/2023,195,176,92,"05/28/2023, 05/29/2023, 05/30/2023, 05/31/2023",0.752,-0.068,True,Successful -> Partially Abandoned,"Human Successful but ARI below cutoff; inspect NBC detections, female denominator, fledgling detections, and whether ARI cutoff is biologically appropriate"
48458,2023 Weagell Property 2,2023 Laguna Frye Confluence 2 p1,Successful,Successful,Sequential,5/19/2023,05/09/2023,10,74,0.19,05/30/2023,10,103,0.264,1.389,06/03/2023,5,191,0.979,Yes,"Himalayan blackberry, cattails",17500,,Central Sacramento Valley,2023 Laguna Frye Confluence 2,4/25/2023,6/18/2023,,17500,inf,5/7/2023,5/25/2023,6/7/2023,ND,ND,134,OK,,ARI=1.389 from nestling_rate=0.264 / female_rate=0.19,05/09/2023,05/18/2023,05/21/2023,05/30/2023,04/25/2023,06/18/2023,390,390,188,74,196,103,"05/09/2023, 05/10/2023, 05/11/2023, 05/12/2023, 05/13/2023, 05/14/2023, 05/15/2023, 05/16/2023, 05/18/2023","05/25/2023, 05/26/2023, 05/27/2023, 05/28/2023, 05/29/2023, 05/30/2023",04/27/2023,06/17/2023,05/09/2023,05/18/2023,05/25/2023,06/05/2023,05/25/2023,05/30/2023,05/30/2023,06/03/2023,195,483,191,"05/30/2023, 05/31/2023, 06/01/2023, 06/02/2023, 06/03/2023",0.752,0.637,False,,
48428,2023 Los Vaqueros - Walnut Trail Marsh,2023 Los Vaqueros - Walnut Trail Marsh p1,Abandoned,Abandoned,Simple,4/26/2023,04/16/2023,10,54,0.138,ND,10,0,0.0,0.0,ND,5,0,0.0,No,"Bulrush, cattails",500,,Los Vaqueros,2023 Los Vaqueros - Walnut Trail Marsh,4/7/2023,7/7/2023,,500,inf,4/14/2023,ND,ND,4/30/2023,ND,136,OK,,ARI=0.0 from nestling_rate=0.0 / female_rate=0.138,04/16/2023,04/25/2023,04/28/2023,05/07/2023,03/07/2023,07/07/2023,390,390,120,54,0,0,"04/16/2023, 04/17/2023, 04/18/2023, 04/19/2023, 04/20/2023, 04/21/2023, 04/22/2023, 04/23/2023, 04/24/2023, 04/25/2023",,04/08/2023,04/29/2023,04/16/2023,04/25/2023,ND,ND,ND,ND,05/07/2023,05/11/2023,195,34,0,,0.752,-0.752,False,,
48444,2023 Los Vaqueros Reservoir,2023 Los Vaqueros Playa p1,Successful,Successful,Sequential,4/28/2023,04/18/2023,10,224,0.576,05/09/2023,10,276,0.708,1.229,05/13/2023,5,93,0.477,Yes,Himalayan blackberry,2000,,Los Vaqueros,2023 Los Vaqueros Playa,3/24/2023,7/31/2023,,2000,inf,4/16/2023,5/6/2023,6/14/2023,ND,ND,137,OK,,ARI=1.229 from nestling_rate=0.708 / female_rate=0.576,04/18/2023,04/27/2023,04/30/2023,05/09/2023,03/07/2023,07/31/2023,389,390,869,224,908,276,"04/18/2023, 04/19/2023, 04/20/2023, 04/21/2023, 04/22/2023, 04/23/2023, 04/24/2023, 04/25/2023, 04/26/2023, 04/27/2023","04/30/2023, 05/01/2023, 05/02/2023, 05/03/2023, 05/04/2023, 05/05/2023, 05/06/2023, 05/07/2023, 05/08/2023, 05/09/2023",04/08/2023,07/01/2023,04/18/2023,04/27/2023,04/29/2023,07/04/2023,04/30/2023,05/09/2023,05/09/2023,05/13/2023,195,1458,93,"05/09/2023, 05/10/2023, 05/11/2023, 05/12/2023, 05/13/2023",0.752,0.477,False,,
48444,2023 Los Vaqueros Reservoir,2023 Los Vaqueros Playa p2,Successful,Successful,Sequential,6/15/2023,06/07/2023,10,39,0.1,06/26/2023,10,104,0.267,2.67,06/30/2023,5,101,0.523,Yes,Himalayan blackberry,2000,,Los Vaqueros,2023 Los Vaqueros Playa,3/24/2023,7/31/2023,,2000,5/31/2023,6/3/2023,6/26/2023,7/17/2023,ND,ND,137,OK,,ARI=2.67 from nestling_rate=0.267 / female_rate=0.1,06/05/2023,06/14/2023,06/17/2023,06/26/2023,03/07/2023,07/31/2023,390,390,869,39,908,104,"06/07/2023, 06/10/2023, 06/11/2023, 06/12/2023, 06/13/2023, 06/14/2023","06/17/2023, 06/18/2023, 06/19/2023, 06/20/2023, 06/21/2023, 06/22/2023, 06/23/2023, 06/24/2023, 06/25/2023, 06/26/2023",04/08/2023,07/01/2023,06/07/2023,06/14/2023,04/29/2023,07/04/2023,06/17/2023,06/26/2023,06/26/2023,06/30/2023,193,1458,101,"06/26/2023, 06/27/2023, 06/28/2023, 06/29/2023, 06/30/2023",0.752,1.918,False,,
48436,2023 Markham Ravine,2023 Markham Ravine p1,Partially Abandoned,Partially Abandoned,Simple,5/31/2023,05/21/2023,10,83,0.213,06/11/2023,10,25,0.064,0.3,06/15/2023,5,7,0.036,Yes,"Himalayan blackberry, willow",3000-4000,,Markham Ravine,2023 Markham Ravine,5/15/2023,7/17/2023,,3500,inf,5/19/2023,6/16/2023,6/30/2023,ND,5/23/2023,138,OK,,ARI=0.3 from nestling_rate=0.064 / female_rate=0.213,05/21/2023,05/30/2023,06/02/2023,06/11/2023,05/15/2023,07/17/2023,390,390,179,83,45,25,"05/21/2023, 05/22/2023, 05/23/2023, 05/24/2023, 05/25/2023, 05/26/2023, 05/27/2023, 05/28/2023, 05/29/2023, 05/30/2023","06/02/2023, 06/03/2023, 06/04/2023, 06/05/2023, 06/08/2023, 06/09/2023, 06/10/2023, 06/11/2023",05/16/2023,07/02/2023,05/21/2023,05/30/2023,06/02/2023,07/16/2023,06/02/2023,06/11/2023,06/11/2023,06/15/2023,195,239,7,"06/13/2023, 06/14/2023, 06/15/2023",0.752,-0.452,False,,
48446,2023 Merced NWR - Cottonwood,2023 Merced NWR - Cottonwood Trail p2,Partially Abandoned,Abandoned,Sequential,5/25/2023,05/15/2023,10,55,0.141,ND,10,0,0.0,0.0,06/07/2023,5,3,0.015,Yes,"Buttonwillow, milk thistle",ND,,Merced and San Luis NWR,2023 Merced NWR - Cottonwood Trail,5/12/2023,6/16/2023,,ND,inf,~5/12/2023,~6/4/2023,ND,ND,6/2/2023,140,OK,,ARI=0.0 from nestling_rate=0.0 / female_rate=0.141,05/15/2023,05/24/2023,05/27/2023,06/05/2023,03/07/2023,06/16/2023,390,390,109,55,0,0,"05/15/2023, 05/16/2023, 05/17/2023, 05/18/2023, 05/19/2023, 05/20/2023, 05/21/2023, 05/22/2023, 05/23/2023, 05/24/2023",,05/12/2023,05/31/2023,05/15/2023,05/24/2023,ND,ND,ND,ND,06/05/2023,06/09/2023,195,358,3,"06/05/2023, 06/06/2023, 06/07/2023",0.752,-0.752,True,Partially Abandoned -> Abandoned,
48490,2023 Merced NWR Deadman Wetland Ditch,2023 Merced NWR - Deadman Wetland Ditch p1,Abandoned,Partially Abandoned,Simple,5/31/2023,05/24/2023,10,71,0.247,06/03/2023,10,4,0.01,0.04,ND,5,0,0.0,No,"Milk thistle, mustard",200,,Merced and San Luis NWR,2023 Merced NWR - Deadman Wetland Ditch,5/23/2023,6/27/2023,,200,inf,5/19/2023,ND,ND,6/4/2023,ND,141,OK,,ARI=0.04 from nestling_rate=0.01 / female_rate=0.247,05/21/2023,05/30/2023,06/02/2023,06/11/2023,03/07/2023,06/27/2023,287,390,85,71,6,4,"05/24/2023, 05/25/2023, 05/26/2023, 05/27/2023, 05/28/2023, 05/29/2023, 05/30/2023","06/02/2023, 06/03/2023",05/24/2023,06/04/2023,05/24/2023,05/30/2023,06/02/2023,06/03/2023,06/02/2023,06/03/2023,06/11/2023,06/15/2023,195,0,0,,0.752,-0.712,True,Abandoned -> Partially Abandoned,
48448,2023 North Regional Pond,2023 North Regional Pond p1,Successful,Successful,Simple,5/5/2023,04/25/2023,10,7,0.018,05/08/2023,10,6,0.015,0.833,05/20/2023,5,10,0.051,Yes,"Mustard, milk thistle",150,,Central Sacramento Valley,2023 North Regional Pond,3/31/2023,6/2/2023,,150,~4/7/2023,4/23/2023,5/20/2023,5/30/2023,ND,ND,142,OK,,ARI=0.833 from nestling_rate=0.015 / female_rate=0.018,04/25/2023,05/04/2023,05/07/2023,05/16/2023,03/07/2023,06/02/2023,390,390,12,7,8,6,"04/25/2023, 04/27/2023, 04/28/2023, 04/29/2023","05/07/2023, 05/08/2023",04/17/2023,04/29/2023,04/25/2023,04/29/2023,05/04/2023,05/08/2023,05/07/2023,05/08/2023,05/16/2023,05/20/2023,195,126,10,"05/18/2023, 05/19/2023, 05/20/2023",0.752,0.081,False,,
48397,2023 OR Dizney Rd,2023 Oregon State - Warm Springs Dizney Lane p1,Partially Abandoned,Partially Abandoned,Simple,5/19/2023,05/09/2023,10,128,0.328,05/30/2023,10,16,0.041,0.125,06/03/2023,5,1,0.005,Yes,"Cattails, Himalayan blackberry",75-100,,Oregon,2023 Oregon State - Warm Springs Dizney Lane,4/29/2023,7/15/2023,,87,inf,5/7/2023,~6/3/2023,~6/9/2023,ND,5/25/2023,143,OK,,ARI=0.125 from nestling_rate=0.041 / female_rate=0.328,05/09/2023,05/18/2023,05/21/2023,05/30/2023,03/07/2023,07/15/2023,390,390,287,128,18,16,"05/09/2023, 05/12/2023, 05/13/2023, 05/14/2023, 05/15/2023, 05/16/2023, 05/17/2023, 05/18/2023","05/23/2023, 05/24/2023, 05/25/2023, 05/26/2023, 05/27/2023, 05/28/2023, 05/29/2023, 05/30/2023",04/30/2023,05/26/2023,05/09/2023,05/18/2023,05/23/2023,05/30/2023,05/23/2023,05/30/2023,05/30/2023,06/03/2023,195,9,1,06/03/2023,0.752,-0.627,False,,
48445,2023 OR Prineville North,2023 Oregon State - Prineville Grimes Rd p1,Successful,Successful,Sequential,5/15/2023,05/05/2023,10,121,0.31,05/26/2023,10,268,0.691,2.229,05/29/2023,5,35,0.179,Yes,Cattails,50-75,,Oregon,2023 Oregon State - Prineville Grimes Rd,4/29/2023,7/15/2023,,62,inf,5/3/2023,5/27/2023,5/29/2023,ND,ND,145,OK,,ARI=2.229 from nestling_rate=0.691 / female_rate=0.31,05/05/2023,05/14/2023,05/17/2023,05/26/2023,03/07/2023,07/15/2023,390,388,352,121,582,268,"05/05/2023, 05/06/2023, 05/07/2023, 05/08/2023, 05/09/2023, 05/10/2023, 05/11/2023, 05/12/2023, 05/13/2023, 05/14/2023","05/17/2023, 05/18/2023, 05/19/2023, 05/20/2023, 05/21/2023, 05/22/2023, 05/23/2023, 05/24/2023, 05/25/2023, 05/26/2023",05/02/2023,07/01/2023,05/05/2023,05/14/2023,05/16/2023,07/08/2023,05/17/2023,05/26/2023,05/26/2023,05/30/2023,195,96,35,"05/26/2023, 05/27/2023, 05/28/2023, 05/29/2023",0.752,1.477,False,,
48445,2023 OR Prineville North,2023 Oregon State - Prineville Grimes Rd p2,Successful,Successful,Sequential,6/21/2023,06/11/2023,10,59,0.152,07/02/2023,10,107,0.274,1.803,07/06/2023,5,5,0.026,Yes,Cattails,50-75,,Oregon,2023 Oregon State - Prineville Grimes Rd,4/29/2023,7/15/2023,,62,6/4/2023,6/9/2023,7/6/2023,7/12/2023,ND,ND,145,OK,,ARI=1.803 from nestling_rate=0.274 / female_rate=0.152,06/11/2023,06/20/2023,06/23/2023,07/02/2023,03/07/2023,07/15/2023,388,390,352,59,582,107,"06/11/2023, 06/12/2023, 06/13/2023, 06/14/2023, 06/15/2023, 06/16/2023, 06/17/2023, 06/18/2023","06/24/2023, 06/25/2023, 06/26/2023, 06/27/2023, 06/29/2023, 06/30/2023, 07/01/2023, 07/02/2023",05/02/2023,07/01/2023,06/11/2023,06/18/2023,05/16/2023,07/08/2023,06/24/2023,07/02/2023,07/02/2023,07/06/2023,195,96,5,"07/04/2023, 07/06/2023",0.752,1.051,False,,
48475,2023 Plumas Arboga 2,2023 Plumas Arboga 2 p1,Successful,Successful,Simple,6/7/2023,05/28/2023,10,344,0.882,06/18/2023,10,299,0.767,0.87,06/22/2023,5,131,0.672,Yes,Himalayan blackberry,7000,,Central Sacramento Valley,2023 Plumas Arboga 2,5/26/2023,7/8/2023,,7000,inf,5/26/2023,6/17/2023,7/1/2023,ND,ND,150,OK,,ARI=0.87 from nestling_rate=0.767 / female_rate=0.882,05/28/2023,06/06/2023,06/09/2023,06/18/2023,05/26/2023,07/08/2023,390,390,607,344,444,299,"05/28/2023, 05/29/2023, 05/30/2023, 05/31/2023, 06/01/2023, 06/02/2023, 06/03/2023, 06/04/2023, 06/05/2023, 06/06/2023","06/09/2023, 06/10/2023, 06/11/2023, 06/12/2023, 06/13/2023, 06/14/2023, 06/15/2023, 06/16/2023, 06/17/2023, 06/18/2023",05/27/2023,06/16/2023,05/28/2023,06/06/2023,06/08/2023,06/26/2023,06/09/2023,06/18/2023,06/18/2023,06/22/2023,195,381,131,"06/18/2023, 06/19/2023, 06/20/2023, 06/21/2023, 06/22/2023",0.752,0.118,False,,
48437,2023 Plumas Arboga 8 - North Regional Pond,2023 Plumas Arboga 8 p1,Partially Abandoned,Partially Abandoned,Sequential,5/6/2023,04/26/2023,10,236,0.605,05/17/2023,10,91,0.233,0.385,05/20/2023,5,4,0.021,Yes,Himalayan blackberry,4000,,Central Sacramento Valley,2023 Plumas Arboga 8,4/21/2023,7/8/2023,,4000,inf,4/24/2023,5/15/2023,5/24/2023,ND,5/6/2023,151,OK,,ARI=0.385 from nestling_rate=0.233 / female_rate=0.605,04/26/2023,05/05/2023,05/08/2023,05/17/2023,04/21/2023,07/08/2023,390,390,680,236,613,91,"04/26/2023, 04/27/2023, 04/28/2023, 04/29/2023, 04/30/2023, 05/01/2023, 05/02/2023, 05/03/2023, 05/04/2023, 05/05/2023","05/08/2023, 05/09/2023, 05/10/2023, 05/11/2023, 05/12/2023, 05/13/2023, 05/14/2023, 05/15/2023, 05/16/2023, 05/17/2023",04/25/2023,06/21/2023,04/26/2023,05/05/2023,05/08/2023,07/06/2023,05/08/2023,05/17/2023,05/17/2023,05/21/2023,195,399,4,"05/17/2023, 05/20/2023",0.752,-0.367,False,,
48437,2023 Plumas Arboga 8 - North Regional Pond,2023 Plumas Arboga 8 p2,Successful,Successful,Sequential,6/15/2023,06/05/2023,10,228,0.585,06/26/2023,10,270,0.692,1.183,06/30/2023,5,81,0.415,Yes,Himalayan blackberry,4000,,Central Sacramento Valley,2023 Plumas Arboga 8,4/21/2023,7/8/2023,,4000,5/27/2023,6/3/2023,6/22/2023,ND,ND,ND,151,OK,,ARI=1.183 from nestling_rate=0.692 / female_rate=0.585,06/05/2023,06/14/2023,06/17/2023,06/26/2023,04/21/2023,07/08/2023,390,390,680,228,613,270,"06/05/2023, 06/06/2023, 06/07/2023, 06/08/2023, 06/09/2023, 06/10/2023, 06/11/2023, 06/12/2023, 06/13/2023, 06/14/2023","06/18/2023, 06/19/2023, 06/20/2023, 06/21/2023, 06/22/2023, 06/23/2023, 06/24/2023, 06/25/2023, 06/26/2023",04/25/2023,06/21/2023,06/05/2023,06/14/2023,05/08/2023,07/06/2023,06/18/2023,06/26/2023,06/26/2023,06/30/2023,195,399,81,"06/26/2023, 06/27/2023, 06/28/2023, 06/29/2023, 06/30/2023",0.752,0.431,False,,
48764,2023 Rancho Jamul North Pond - fix lat lon,2023 Rancho Jamul - North Pond p1,Successful,Successful,Simple,5/16/2023,05/06/2023,10,1,0.003,05/26/2023,10,28,0.072,24.0,05/30/2023,5,4,0.021,Yes,NEED,NEED,,Rancho Jamul,2023 Rancho Jamul - North Pond,3/27/2023,8/4/2023,,NEED,4/21/2023,5/4/2023,5/26/2023,~6/4/2023,ND,ND,152,OK,,ARI=24.0 from nestling_rate=0.072 / female_rate=0.003,05/06/2023,05/15/2023,05/18/2023,05/27/2023,03/09/2023,08/04/2023,390,390,4,1,31,28,05/06/2023,"05/18/2023, 05/19/2023, 05/20/2023, 05/21/2023, 05/22/2023, 05/23/2023, 05/24/2023, 05/25/2023, 05/26/2023",05/04/2023,05/21/2023,05/06/2023,05/06/2023,05/18/2023,05/28/2023,05/18/2023,05/26/2023,05/27/2023,05/31/2023,195,14,4,"05/28/2023, 05/29/2023, 05/30/2023",0.752,23.248,False,,
48765,2023 Rancho Jamul Site 1 fix lat lon,2023 Rancho Jamul - Site 1 p1,Successful,Successful,Sequential,4/25/2023,04/23/2023,10,5,0.013,04/30/2023,10,10,0.026,2.0,05/06/2023,5,1,0.005,Yes,NEED,NEED,,Rancho Jamul,2023 Rancho Jamul - Site 1,3/27/2023,8/3/2023,,NEED,3/29/2023,4/13/2023,~5/5/2023,~6/4/2023,ND,ND,153,OK,,ARI=2.0 from nestling_rate=0.026 / female_rate=0.013,04/15/2023,04/24/2023,04/27/2023,05/06/2023,03/07/2023,08/03/2023,390,390,39,5,44,10,"04/23/2023, 04/24/2023","04/27/2023, 04/28/2023, 04/29/2023, 04/30/2023",04/02/2023,06/20/2023,04/23/2023,04/24/2023,04/24/2023,07/11/2023,04/27/2023,04/30/2023,05/06/2023,05/10/2023,195,24,1,05/06/2023,0.752,1.248,False,,
48765,2023 Rancho Jamul Site 1 fix lat lon,2023 Rancho Jamul - Site 1 p2,Successful,Partially Abandoned,Sequential,6/16/2023,06/06/2023,10,15,0.038,06/27/2023,10,5,0.013,0.342,ND,5,0,0.0,No,NEED,NEED,,Rancho Jamul,2023 Rancho Jamul - Site 1,3/27/2023,8/3/2023,,NEED,5/26/2023,~6/4/2023,7/2/2023,7/14/2023,ND,ND,153,OK,,ARI=0.342 from nestling_rate=0.013 / female_rate=0.038,06/06/2023,06/15/2023,06/18/2023,06/27/2023,03/07/2023,08/03/2023,390,390,39,15,44,5,"06/06/2023, 06/08/2023, 06/10/2023, 06/11/2023, 06/12/2023, 06/13/2023, 06/14/2023, 06/15/2023","06/21/2023, 06/24/2023, 06/27/2023",04/02/2023,06/20/2023,06/06/2023,06/15/2023,04/24/2023,07/11/2023,06/21/2023,06/27/2023,06/27/2023,07/01/2023,195,24,0,,0.752,-0.41,True,Successful -> Partially Abandoned,"Human Successful but ARI below cutoff; inspect NBC detections, female denominator, fledgling detections, and whether ARI cutoff is biologically appropriate"
48439,2023 West of Davis,2023 San Jacinto Wildlife Area West of Davis Road p2,Successful,Successful,Sequential,5/22/2023,05/12/2023,10,57,0.146,06/02/2023,10,115,0.295,2.021,06/05/2023,5,57,0.292,Yes,Cattails,1000,,San Jacinto Wildlife Area,2023 San Jacinto Wildlife Area West of Davis Road,5/6/2023,6/29/2023,,1000,inf,5/10/2023,6/2/2023,6/6/2023,ND,ND,155,OK,,ARI=2.021 from nestling_rate=0.295 / female_rate=0.146,05/12/2023,05/21/2023,05/24/2023,06/02/2023,05/06/2023,06/29/2023,390,390,82,57,150,115,"05/12/2023, 05/13/2023, 05/14/2023, 05/15/2023, 05/16/2023, 05/17/2023, 05/18/2023, 05/19/2023, 05/20/2023","05/24/2023, 05/25/2023, 05/26/2023, 05/27/2023, 05/28/2023, 05/29/2023, 05/30/2023, 05/31/2023, 06/01/2023, 06/02/2023",05/10/2023,05/26/2023,05/12/2023,05/20/2023,05/23/2023,06/05/2023,05/24/2023,06/02/2023,06/02/2023,06/06/2023,195,208,57,"06/02/2023, 06/03/2023, 06/04/2023, 06/05/2023",0.752,1.269,False,,
48464,2023 San Luis NWR - West Bank Creek,2023 San Luis NWR - Fiddleneck Lake p1,Partially Abandoned,Partially Abandoned,Simple,6/15/2023,06/05/2023,10,79,0.203,06/25/2023,10,17,0.044,0.217,06/29/2023,5,3,0.015,Yes,"Milk thistle, mustard",500,,Merced and San Luis NWR,2023 San Luis NWR - Fiddleneck Lake,5/26/2023,7/12/2023,,500,inf,6/3/2023,~6/24/2023,~7/5/2023,ND,6/5/2023,156,OK,,ARI=0.217 from nestling_rate=0.044 / female_rate=0.203,06/05/2023,06/14/2023,06/17/2023,06/26/2023,03/07/2023,07/12/2023,390,390,180,79,18,17,"06/05/2023, 06/06/2023, 06/07/2023, 06/08/2023, 06/09/2023, 06/10/2023, 06/11/2023, 06/12/2023, 06/13/2023, 06/14/2023","06/18/2023, 06/19/2023, 06/21/2023, 06/22/2023, 06/23/2023, 06/24/2023, 06/25/2023",05/28/2023,06/15/2023,06/05/2023,06/14/2023,06/18/2023,06/25/2023,06/18/2023,06/25/2023,06/26/2023,06/30/2023,195,14,3,06/29/2023,0.752,-0.535,False,,
48447,2023 San Luis Bear Creek,2023 San Luis NWR - Tanager Slough p1,Partially Abandoned,Partially Abandoned,Simple,7/5/2023,06/25/2023,10,259,0.664,07/16/2023,10,131,0.336,0.506,07/19/2023,5,7,0.036,Yes,Willows,200-900,,Merced and San Luis NWR,2023 San Luis NWR - Tanager Slough,6/16/2023,7/24/2023,,550,inf,6/23/2023,7/15/2023,7/18/2023,ND,6/20/2023,157,REVIEW,p1abandon is before p1incstart.,ARI=0.506 from nestling_rate=0.336 / female_rate=0.664,06/25/2023,07/04/2023,07/07/2023,07/16/2023,06/16/2023,07/24/2023,390,390,472,259,156,131,"06/25/2023, 06/26/2023, 06/27/2023, 06/28/2023, 06/29/2023, 06/30/2023, 07/01/2023, 07/02/2023, 07/03/2023, 07/04/2023","07/07/2023, 07/08/2023, 07/09/2023, 07/10/2023, 07/11/2023, 07/12/2023, 07/13/2023, 07/14/2023, 07/15/2023, 07/16/2023",06/19/2023,07/14/2023,06/25/2023,07/04/2023,07/06/2023,07/18/2023,07/07/2023,07/16/2023,07/16/2023,07/20/2023,195,42,7,"07/16/2023, 07/17/2023, 07/19/2023",0.752,-0.246,False,,
48393,2023 WA McCain Wetlands,2023 Washington State - McCain Wetlands p1,Partially Abandoned,Partially Abandoned,Simple,5/10/2023,04/30/2023,10,114,0.292,05/20/2023,10,30,0.077,0.264,05/25/2023,5,5,0.026,Yes,"Cattails, common reed",200,,Washington,2023 Washington State - McCain Wetlands,4/10/2023,8/7/2023,,200,missed,~4/28/2023,5/24/2023,6/3/2023,ND,5/21/2023,162,OK,,ARI=0.264 from nestling_rate=0.077 / female_rate=0.292,04/30/2023,05/09/2023,05/12/2023,05/21/2023,03/07/2023,08/07/2023,390,390,206,114,33,30,"04/30/2023, 05/01/2023, 05/02/2023, 05/03/2023, 05/04/2023, 05/05/2023, 05/06/2023, 05/07/2023, 05/08/2023, 05/09/2023","05/15/2023, 05/16/2023, 05/17/2023, 05/18/2023, 05/19/2023, 05/20/2023",04/24/2023,05/24/2023,04/30/2023,05/09/2023,05/15/2023,05/25/2023,05/15/2023,05/20/2023,05/21/2023,05/25/2023,195,21,5,"05/23/2023, 05/24/2023, 05/25/2023",0.752,-0.488,False,,
65447,2024 Baja Rancho Cinega Redonda 2,2024 Baja Ciénega Redonda South p1,Successful,Successful,Sequential,4/29/2024,04/23/2024,10,94,0.418,05/10/2024,10,256,0.656,1.569,05/14/2024,5,132,0.677,Yes,Cattails,100,,Baja,2024 Baja Ciénega Redonda South,4/23/2024,8/1/2024,,100,inf,4/17/2024,5/10/2024,6/4/2024,ND,ND,166,OK,,ARI=1.569 from nestling_rate=0.656 / female_rate=0.418,04/19/2024,04/28/2024,05/01/2024,05/10/2024,03/15/2024,08/01/2024,225,390,329,94,843,256,"04/23/2024, 04/24/2024, 04/25/2024, 04/26/2024, 04/27/2024, 04/28/2024","05/01/2024, 05/02/2024, 05/03/2024, 05/04/2024, 05/05/2024, 05/06/2024, 05/07/2024, 05/08/2024, 05/09/2024, 05/10/2024",04/23/2024,07/07/2024,04/23/2024,04/28/2024,04/29/2024,07/19/2024,05/01/2024,05/10/2024,05/10/2024,05/14/2024,195,623,132,"05/10/2024, 05/11/2024, 05/12/2024, 05/13/2024, 05/14/2024",0.752,0.817,False,,
65447,2024 Baja Rancho Cinega Redonda 2,2024 Baja Ciénega Redonda South p2,Successful,Successful,Sequential,6/4/2024,05/25/2024,10,95,0.244,06/15/2024,10,277,0.71,2.91,06/19/2024,5,20,0.103,Yes,Cattails,100,,Baja,2024 Baja Ciénega Redonda South,4/23/2024,8/1/2024,,100,5/12/2024,5/23/2024,6/12/2024,6/30/2024,ND,ND,166,OK,,ARI=2.91 from nestling_rate=0.71 / female_rate=0.244,05/25/2024,06/03/2024,06/06/2024,06/15/2024,03/15/2024,08/01/2024,390,390,329,95,843,277,"05/25/2024, 05/26/2024, 05/27/2024, 05/28/2024, 05/29/2024, 05/30/2024, 05/31/2024, 06/01/2024, 06/02/2024, 06/03/2024","06/06/2024, 06/07/2024, 06/08/2024, 06/09/2024, 06/10/2024, 06/11/2024, 06/12/2024, 06/13/2024, 06/14/2024, 06/15/2024",04/23/2024,07/07/2024,05/25/2024,06/03/2024,04/29/2024,07/19/2024,06/06/2024,06/15/2024,06/15/2024,06/19/2024,195,623,20,"06/15/2024, 06/16/2024, 06/17/2024, 06/18/2024, 06/19/2024",0.752,2.158,False,,
65453,2024 Colusa NWR T27.1,2024 Colusa NWR T27-1&2 p1,Partially Abandoned,Partially Abandoned,Simple,6/13/2024,06/03/2024,10,170,0.436,06/21/2024,10,21,0.054,0.124,06/27/2024,5,1,0.005,Yes,"Bulrush, cattails",17500,,Sacramento National Wildlife Refuge Complex,2024 Colusa NWR T27-1&2,4/24/2024,9/3/2024,,17500,5/25/2024,6/1/2024,ND,ND,ND,6/19/2024,168,OK,,ARI=0.124 from nestling_rate=0.054 / female_rate=0.436,06/03/2024,06/12/2024,06/15/2024,06/24/2024,03/15/2024,09/03/2024,390,390,261,170,28,21,"06/03/2024, 06/04/2024, 06/05/2024, 06/06/2024, 06/07/2024, 06/08/2024, 06/09/2024, 06/10/2024, 06/11/2024, 06/12/2024","06/15/2024, 06/16/2024, 06/18/2024, 06/20/2024, 06/21/2024",05/30/2024,06/12/2024,06/03/2024,06/12/2024,06/14/2024,06/28/2024,06/15/2024,06/21/2024,06/24/2024,06/28/2024,195,3,1,06/27/2024,0.752,-0.628,False,,
63115,2024 Dublin Ranch Preserve - Lin Livermore Conservation Area,2024 Dagnino Pond p1,Successful,Successful,Simple,5/31/2024,05/21/2024,10,8,0.021,06/11/2024,10,19,0.049,2.333,06/15/2024,5,16,0.082,Yes,"Bulrush, cattails, Mustard",400,,CNLM,2024 Dagnino Pond,5/21/2024,8/15/2024,,400,inf,5/19/2024,6/9/2024,6/24/2024,ND,ND,170,OK,,ARI=2.333 from nestling_rate=0.049 / female_rate=0.021,05/21/2024,05/30/2024,06/02/2024,06/11/2024,05/21/2024,08/15/2024,375,390,12,8,36,19,"05/21/2024, 05/22/2024, 05/23/2024","06/02/2024, 06/03/2024, 06/04/2024, 06/05/2024, 06/06/2024, 06/07/2024, 06/08/2024, 06/09/2024, 06/10/2024, 06/11/2024",05/21/2024,05/23/2024,05/21/2024,05/23/2024,05/25/2024,06/21/2024,06/02/2024,06/11/2024,06/11/2024,06/15/2024,195,175,16,"06/11/2024, 06/12/2024, 06/13/2024, 06/14/2024, 06/15/2024",0.752,1.581,False,,
63044,2024 Los Vaqueros Reservoir,2024 Los Vaqueros Playa p1,Partially Abandoned,Abandoned,Sequential,5/5/2024,04/25/2024,10,10,0.026,ND,10,0,0.0,0.0,05/19/2024,5,3,0.015,Yes,Himalayan blackberry,500,,Los Vaqueros,2024 Los Vaqueros Playa,3/15/2024,6/24/2024,,500,inf,4/23/2024,~5/19/2024,ND,ND,4/26/2024,173,OK,,ARI=0.0 from nestling_rate=0.0 / female_rate=0.026,04/25/2024,05/04/2024,05/07/2024,05/16/2024,03/15/2024,06/24/2024,390,390,710,10,195,0,"04/25/2024, 04/26/2024, 04/27/2024, 04/29/2024, 05/01/2024",,04/15/2024,06/17/2024,04/25/2024,05/01/2024,06/11/2024,06/21/2024,ND,ND,05/16/2024,05/20/2024,195,56,3,05/19/2024,0.752,-0.752,True,Partially Abandoned -> Abandoned,
63044,2024 Los Vaqueros Reservoir,2024 Los Vaqueros Playa p2,Successful,Partially Abandoned,Sequential,6/8/2024,05/29/2024,10,339,0.869,06/19/2024,10,154,0.404,0.465,06/23/2024,5,26,0.14,Yes,Himalayan blackberry,500,,Los Vaqueros,2024 Los Vaqueros Playa,3/15/2024,6/24/2024,,500,5/17/2024,~5/27/2024,6/20/2024,ND,ND,ND,173,OK,,ARI=0.465 from nestling_rate=0.404 / female_rate=0.869,05/29/2024,06/07/2024,06/10/2024,06/19/2024,03/15/2024,06/24/2024,390,381,710,339,195,154,"05/29/2024, 05/30/2024, 05/31/2024, 06/01/2024, 06/02/2024, 06/03/2024, 06/04/2024, 06/05/2024, 06/06/2024, 06/07/2024","06/11/2024, 06/12/2024, 06/13/2024, 06/14/2024, 06/15/2024, 06/16/2024, 06/17/2024, 06/18/2024, 06/19/2024",04/15/2024,06/17/2024,05/29/2024,06/07/2024,06/11/2024,06/21/2024,06/11/2024,06/19/2024,06/19/2024,06/23/2024,186,56,26,"06/20/2024, 06/21/2024, 06/22/2024, 06/23/2024",0.752,-0.287,True,Successful -> Partially Abandoned,"Human Successful but ARI below cutoff; inspect NBC detections, female denominator, fledgling detections, and whether ARI cutoff is biologically appropriate"
65471,2024 Panoche Creek Preserve - Dollar Marsh East,2024 Panoche Creek Marsh East p1,Successful,Successful,Simple,4/29/2024,04/19/2024,10,259,0.664,05/10/2024,10,222,0.569,0.857,05/14/2024,5,72,0.369,Yes,"Cattails, bulrush",1000-1500,,CNLM,2024 Panoche Creek Marsh East,4/15/2024,8/1/2024,,1250,inf,4/17/2024,5/9/2024,5/31/2024,ND,ND,182,OK,,ARI=0.857 from nestling_rate=0.569 / female_rate=0.664,04/19/2024,04/28/2024,05/01/2024,05/10/2024,03/15/2024,08/01/2024,390,390,589,259,594,222,"04/19/2024, 04/20/2024, 04/21/2024, 04/22/2024, 04/23/2024, 04/24/2024, 04/25/2024, 04/26/2024, 04/27/2024, 04/28/2024","05/02/2024, 05/03/2024, 05/04/2024, 05/05/2024, 05/06/2024, 05/07/2024, 05/08/2024, 05/09/2024, 05/10/2024",04/16/2024,06/09/2024,04/19/2024,04/28/2024,05/02/2024,06/11/2024,05/02/2024,05/10/2024,05/10/2024,05/14/2024,195,697,72,"05/10/2024, 05/11/2024, 05/12/2024, 05/13/2024, 05/14/2024",0.752,0.105,False,,
65471,2024 Panoche Creek Preserve - Dollar Marsh East,2024 Panoche Creek Marsh East p2,REVIEW_MISSING_OUTCOME,Successful,Simple,6/4/2024,05/29/2024,10,6,0.015,06/11/2024,10,8,0.021,1.4,06/17/2024,5,5,0.026,Yes,"Cattails, bulrush",1000-1500,,CNLM,2024 Panoche Creek Marsh East,4/15/2024,8/1/2024,,1250,ND,~5/23/2024,ND,~6/16/2024,ND,ND,182,REVIEW,p2 has exported pulse date fields but p2Outcome is blank or n/a.; p2Outcome has an unexpected outcome value.,ARI=1.4 from nestling_rate=0.021 / female_rate=0.015,05/25/2024,06/03/2024,06/06/2024,06/15/2024,03/15/2024,08/01/2024,390,390,589,6,594,8,"05/29/2024, 05/30/2024, 06/02/2024","06/10/2024, 06/11/2024",04/16/2024,06/09/2024,05/29/2024,06/02/2024,05/02/2024,06/11/2024,06/10/2024,06/11/2024,06/15/2024,06/19/2024,195,697,5,"06/15/2024, 06/16/2024, 06/17/2024",0.752,0.648,True,REVIEW_MISSING_OUTCOME -> Successful,
65469,2024 Panoche Creek Preserve - Dollar Marsh South,2024 Panoche Creek Marsh South p1,Successful,Partially Abandoned,Simple,5/1/2024,04/21/2024,10,294,0.754,05/12/2024,10,180,0.462,0.613,ND,5,0,0.0,No,"Cattails, bulrush",100-500,,CNLM,2024 Panoche Creek Marsh South,4/16/2024,8/1/2024,,300,inf,4/19/2024,5/18/2024,6/3/2024,ND,ND,183,OK,,ARI=0.613 from nestling_rate=0.462 / female_rate=0.754,04/21/2024,04/30/2024,05/03/2024,05/12/2024,03/15/2024,08/01/2024,390,390,565,294,446,180,"04/21/2024, 04/22/2024, 04/23/2024, 04/24/2024, 04/25/2024, 04/26/2024, 04/27/2024, 04/28/2024, 04/29/2024, 04/30/2024","05/04/2024, 05/05/2024, 05/06/2024, 05/07/2024, 05/08/2024, 05/09/2024, 05/10/2024, 05/11/2024, 05/12/2024",04/16/2024,05/11/2024,04/21/2024,04/30/2024,05/04/2024,06/01/2024,05/04/2024,05/12/2024,05/12/2024,05/16/2024,195,113,0,,0.752,-0.139,True,Successful -> Partially Abandoned,"Human Successful but ARI below cutoff; inspect NBC detections, female denominator, fledgling detections, and whether ARI cutoff is biologically appropriate"
65470,2024 Panoche Creek Preserve - Dollar Marsh West,2024 Panoche Creek Marsh West p1,Successful,Successful,Simple,5/5/2024,04/25/2024,10,260,0.667,05/16/2024,10,257,0.659,0.988,05/20/2024,5,70,0.359,Yes,"Cattails, bulrush",100-500,,CNLM,2024 Panoche Creek Marsh West,4/15/2024,8/1/2024,,300,inf,4/23/2024,5/14/2024,5/27/2024,ND,ND,184,OK,,ARI=0.988 from nestling_rate=0.659 / female_rate=0.667,04/25/2024,05/04/2024,05/07/2024,05/16/2024,03/15/2024,08/01/2024,390,390,495,260,446,257,"04/25/2024, 04/26/2024, 04/27/2024, 04/28/2024, 04/29/2024, 04/30/2024, 05/01/2024, 05/02/2024, 05/03/2024, 05/04/2024","05/07/2024, 05/08/2024, 05/09/2024, 05/10/2024, 05/11/2024, 05/12/2024, 05/13/2024, 05/14/2024, 05/15/2024, 05/16/2024",04/16/2024,05/17/2024,04/25/2024,05/04/2024,05/06/2024,06/05/2024,05/07/2024,05/16/2024,05/16/2024,05/20/2024,195,173,70,"05/16/2024, 05/17/2024, 05/18/2024, 05/19/2024, 05/20/2024",0.752,0.236,False,,
63116,2024 WA Harder Spring,2024 Washington State - Harder Spring p1,Successful,Partially Abandoned,Sequential,6/7/2024,05/30/2024,10,7,0.018,06/10/2024,10,1,0.003,0.167,06/22/2024,5,1,0.005,Yes,"Bulrush, cattails, common reed",100,,Washington,2024 Washington State - Harder Spring,3/25/2024,8/3/2024,,100,missed,5/26/2024,6/25/2024,7/4/2024,ND,ND,191,OK,,ARI=0.167 from nestling_rate=0.003 / female_rate=0.018,05/28/2024,06/06/2024,06/09/2024,06/18/2024,03/25/2024,08/03/2024,390,390,33,7,64,1,"05/30/2024, 06/01/2024, 06/03/2024",06/10/2024,05/08/2024,07/18/2024,05/30/2024,06/03/2024,06/10/2024,08/02/2024,06/10/2024,06/10/2024,06/18/2024,06/22/2024,195,133,1,06/22/2024,0.752,-0.585,True,Successful -> Partially Abandoned,"Human Successful but ARI below cutoff; inspect NBC detections, female denominator, fledgling detections, and whether ARI cutoff is biologically appropriate"
63116,2024 WA Harder Spring,2024 Washington State - Harder Spring p2,Successful,Successful,Sequential,7/18/2024,07/09/2024,10,8,0.021,07/29/2024,10,32,0.082,3.905,08/02/2024,5,40,0.205,Yes,"Bulrush, cattails, common reed",100,,Washington,2024 Washington State - Harder Spring,3/25/2024,8/3/2024,,100,missed,7/6/2024,7/27/2024,ND,ND,ND,191,OK,,ARI=3.905 from nestling_rate=0.082 / female_rate=0.021,07/08/2024,07/17/2024,07/20/2024,07/29/2024,03/25/2024,08/03/2024,390,390,33,8,64,32,"07/09/2024, 07/10/2024, 07/11/2024, 07/14/2024, 07/17/2024","07/20/2024, 07/21/2024, 07/22/2024, 07/23/2024, 07/24/2024, 07/26/2024, 07/28/2024, 07/29/2024",05/08/2024,07/18/2024,07/09/2024,07/17/2024,06/10/2024,08/02/2024,07/20/2024,07/29/2024,07/29/2024,08/02/2024,195,133,40,"07/29/2024, 07/30/2024, 07/31/2024, 08/01/2024, 08/02/2024",0.752,3.153,False,,
63465,2024 WA McCain Pond,2024 Washington State - McCain Wetlands p1,Partially Abandoned,Partially Abandoned,Simple,5/2/2024,04/22/2024,10,21,0.054,05/12/2024,10,6,0.015,0.278,05/15/2024,5,1,0.005,Yes,"Cattails, common reed",600,,Washington,2024 Washington State - McCain Wetlands,3/29/2024,8/9/2024,,600,missed,~4/20/2024,~5/15/2024,~6/3/2024,ND,5/15/2024,192,OK,,ARI=0.278 from nestling_rate=0.015 / female_rate=0.054,04/22/2024,05/01/2024,05/04/2024,05/13/2024,03/29/2024,08/09/2024,390,390,98,21,19,6,"04/22/2024, 04/24/2024, 04/25/2024, 04/26/2024, 04/27/2024, 04/30/2024, 05/01/2024","05/10/2024, 05/11/2024, 05/12/2024",04/20/2024,05/23/2024,04/22/2024,05/01/2024,05/10/2024,05/29/2024,05/10/2024,05/12/2024,05/13/2024,05/17/2024,195,33,1,05/15/2024,0.752,-0.474,False,,
65481,2024 Wind Wolves Preserve - Los Lobos,2024 Wind Wolves Preserve - Los Lobos p2,Successful,Unknown,Sequential,5/21/2024,ND,10,0,0.0,05/31/2024,10,18,0.046,ND_NO_FEMALE_CALLS,06/05/2024,5,39,0.2,Yes,Stinging nettle,100,,Wind Wolves Preserve,2024 Wind Wolves Preserve - Los Lobos,4/30/2024,9/11/2024,,100,inf,5/8/2024,6/2/2024,6/14/2024,ND,ND,193,OK,,No female detections in female window; female_window=05/11/2024 to 05/20/2024; raw_female_rows=0,05/11/2024,05/20/2024,05/23/2024,06/01/2024,03/23/2024,09/11/2024,390,390,0,0,54,18,,"05/25/2024, 05/26/2024, 05/29/2024, 05/30/2024, 05/31/2024",ND,ND,ND,ND,05/02/2024,06/09/2024,05/25/2024,05/31/2024,06/01/2024,06/05/2024,195,168,39,"06/01/2024, 06/02/2024, 06/03/2024, 06/04/2024, 06/05/2024",0.752,,False,,
65480,2024 Wind Wolves Preserve - Tevis,2024 Wind Wolves Preserve - Tevis p1,Successful,Unknown,Simple,5/3/2024,ND,10,0,0.0,05/13/2024,10,23,0.059,ND_NO_FEMALE_CALLS,05/18/2024,5,24,0.123,Yes,Stinging nettle,5-10,,Wind Wolves Preserve,2024 Wind Wolves Preserve - Tevis,4/30/2024,9/24/2024,,7,inf,4/21/2024,5/17/2024,6/8/2024,ND,ND,196,OK,,No female detections in female window; female_window=04/23/2024 to 05/02/2024; raw_female_rows=0,04/23/2024,05/02/2024,05/05/2024,05/14/2024,03/15/2024,09/24/2024,102,390,0,0,37,23,,"05/05/2024, 05/06/2024, 05/07/2024, 05/08/2024, 05/09/2024, 05/12/2024, 05/13/2024",ND,ND,ND,ND,05/03/2024,05/13/2024,05/05/2024,05/13/2024,05/14/2024,05/18/2024,195,273,24,"05/16/2024, 05/17/2024, 05/18/2024",0.752,,False,,
